country_code,airports,2003,2003,2003,2003,2003,2004,2004,2004,2004,2004,2005,2005,2005,2005,2005,2006,2006,2006,2006,2006,2007,2007,2007,2007,2007,2008,2008,2008,2008,2008,2009,2009,2009,2009,2009,2010,2010,2010,2010,2010,2011,2011,2011,2011,2011,2012,2012,2012,2012,2012,2013,2013,2013,2013,2013,2014,2014,2014,2014,2014,2015,2015,2015,2015,2015,2016,2016,2016,2016,2016,2017,2017,2017,2017,2017,2018,2018,2018,2018,2018
,,f,s,p,avr_d,intra_euro,f,s,p,avr_d,intra_euro,f,s,p,avr_d,intra_euro,f,s,p,avr_d,intra_euro,f,s,p,avr_d,intra_euro,f,s,p,avr_d,intra_euro,f,s,p,avr_d,intra_euro,f,s,p,avr_d,intra_euro,f,s,p,avr_d,intra_euro,f,s,p,avr_d,intra_euro,f,s,p,avr_d,intra_euro,f,s,p,avr_d,intra_euro,f,s,p,avr_d,intra_euro,f,s,p,avr_d,intra_euro,f,s,p,avr_d,intra_euro,f,s,p,avr_d,intra_euro
BE,5,75971.0,9358444.0,5950900.0,1872.6361907772134,0.7834586466165413,81767.0,10282024.0,7037871.0,1711.0905352858488,0.8179519595448799,78232.0,10350705.0,7069286.0,1729.6820923689295,0.7961165048543689,85706.0,10823011.0,7801223.0,1676.3492260812354,0.8085308056872038,90185.0,11828167.0,8371017.0,1686.052912498886,0.81053525913339,96853.0,13194521.0,9154659.0,1886.129787883445,0.7712369597615499,90431.0,12376730.0,8630602.0,1855.142351309659,0.7590634441087614,86290.0,12225736.0,8435024.0,1979.1186856244394,0.7537562604340567,92481.0,13228583.0,9372379.0,2061.5305449138223,0.7296875,91762.0,13769290.0,9856337.0,2148.0324797391963,0.7056179775280899,93196.0,14269925.0,10316391.0,2072.9865826581868,0.7177650429799427,97563.0,15274200.0,11451781.0,2011.2360622195545,0.7369146005509641,102456.0,16431991.0,12527495.0,2016.4608480050692,0.7488464073829928,96655.0,15867973.0,11749432.0,1882.69688491882,0.7926749509483323,106713.0,18020673.0,13622165.0,2008.2538392714375,0.7380396732788798,105600.0,18072404.0,14084090.0,2061.2159696011445,0.7339295695919508
BG,3,,,,,,,,,,,,,,,,,,,,,22776.0,3162471.0,2338162.0,1595.9742640105435,0.8440065681444991,24963.0,3421320.0,2517637.0,1549.8696251080119,0.839622641509434,23301.0,3258348.0,2343619.0,1558.0227832381563,0.8371335504885994,24019.0,3394829.0,2500092.0,1564.1941986521808,0.7984732824427481,26060.0,3748085.0,2810609.0,1550.1281458950752,0.8063583815028902,24990.0,3651886.0,2875446.0,1545.2204728614697,0.831496062992126,23833.0,3653139.0,2937652.0,1552.0116287532162,0.7969465648854962,23631.0,3588953.0,2877673.0,1495.6201547491914,0.7892976588628763,26227.0,4018937.0,3284204.0,1504.8485075750486,0.7967698519515478,28998.0,4618424.0,3707178.0,1511.7333622997596,0.8218997361477572,29743.0,5044006.0,4190211.0,1543.13201499721,0.7947214076246334,32223.0,5492672.0,4576931.0,1557.7773542451162,0.8283870967741935
DK,7,116353.0,15438784.0,8809356.0,1707.5455028827128,0.8793969849246231,133369.0,16925612.0,9830596.0,1842.5119478667386,0.8662952646239555,132120.0,17051489.0,10400126.0,1836.7387761779205,0.8640072529465095,127736.0,15303223.0,10880278.0,1946.4143982675726,0.8623188405797102,128086.0,15989235.0,11369831.0,1927.007211679201,0.8645833333333334,132135.0,16343942.0,11227981.0,1881.2154493942674,0.8649155722326454,120841.0,15183279.0,10459047.0,1760.0844685293646,0.8714285714285714,126708.0,16357085.0,11300579.0,1797.6013912196686,0.8637236084452975,134662.0,17357145.0,12131149.0,1773.1842139564585,0.8745583038869258,122641.0,16715547.0,12250322.0,1887.002137348403,0.8486394557823129,125000.0,17552137.0,12735849.0,2017.7225672869163,0.8515100671140939,130805.0,18193858.0,13648631.0,2010.696884073938,0.8484126984126984,133987.0,18773878.0,14086492.0,1991.9398440451569,0.8519660755589823,140733.0,20523375.0,15521377.0,1951.4043871872057,0.8614718614718615,135942.0,20068087.0,15462722.0,2044.8602143092592,0.8516363636363636,141032.0,21136026.0,16059810.0,1991.270441918362,0.8495049504950495
DE,31,671606.0,87024337.0,60100327.0,2114.9201040621724,0.7948988566402815,731203.0,93928794.0,66692915.0,2073.726354586298,0.800092980009298,750541.0,96845986.0,69074515.0,2061.7767147917566,0.8028066072211665,769194.0,99050210.0,70746608.0,2047.1286861761544,0.7988538681948424,828230.0,110004886.0,80262471.0,2068.8057451146656,0.7956839979808178,832540.0,112451792.0,81793115.0,2084.294262680781,0.7918092765254338,789027.0,109249284.0,78649847.0,2070.7084871767474,0.786767349874146,784553.0,112138252.0,82130094.0,2102.0691259384866,0.7788240975491971,818960.0,119616758.0,87498364.0,2208.227061616204,0.7745558739255014,802543.0,119946068.0,88921388.0,2196.782725477288,0.7732675487777528,771382.0,117360449.0,89113491.0,2221.8701703776273,0.7651076638110674,778077.0,121454370.0,92465869.0,2247.96238420916,0.7655367231638418,780966.0,124618219.0,96031862.0,2266.985897979896,0.7661914917499159,804615.0,130481315.0,99279206.0,2252.79366141828,0.7663203936577365,819202.0,134125308.0,104421805.0,2212.995245520974,0.7599919662582848,846283.0,138804666.0,108519435.0,2197.7552148425684,0.7522089523254685
EE,1,,,,,,,,,,,9441.0,934436.0,589323.0,1255.5554287850084,0.8995215311004785,9392.0,921585.0,628147.0,1321.6215139703174,0.8444444444444444,12101.0,1171382.0,764419.0,1396.9538654718572,0.844,13058.0,1235213.0,771497.0,1441.90155489981,0.7925311203319502,9460.0,884457.0,562746.0,1282.087764717469,0.7865168539325843,9292.0,893076.0,562158.0,1217.105990002424,0.7532467532467533,12375.0,1313827.0,860910.0,1304.485985798575,0.8703703703703703,16401.0,1432432.0,996635.0,1296.2565191174915,0.8292011019283747,11990.0,1170005.0,854277.0,1187.60202873206,0.8453237410071942,12151.0,1266954.0,883536.0,1229.479281623816,0.8273092369477911,13556.0,1390050.0,983809.0,1354.6043668629186,0.8956228956228957,14522.0,1474438.0,1044707.0,1391.7680884910856,0.9051987767584098,14200.0,1449416.0,1022696.0,1181.7987792110214,0.9408866995073891,16311.0,1699129.0,1214964.0,1288.5619737075585,0.8843283582089553
IE,6,84133.0,13070997.0,8974586.0,1592.248397092242,0.8522114347357066,86274.0,13483925.0,9564340.0,1550.0139776288088,0.8571428571428571,94868.0,14394698.0,10838597.0,1417.6395912692055,0.8837814397224631,101697.0,16939680.0,12489967.0,1427.5754944168323,0.9041379310344828,104712.0,17632676.0,12985697.0,1506.282692807272,0.8988982501620221,108317.0,18376613.0,13034593.0,1487.8282501054068,0.902316844082655,90210.0,16008410.0,11340063.0,1494.5782389807998,0.9015721120984279,79722.0,13662781.0,10007642.0,1467.955064950042,0.9117056856187291,79580.0,13366537.0,10134105.0,1547.539976697652,0.9061251664447404,81479.0,13606914.0,10225780.0,1586.55570043089,0.898191560616209,83606.0,13964845.0,10675969.0,1623.9357305579972,0.8888144675150703,89799.0,14849051.0,11538050.0,1716.558381883335,0.8728590250329381,96670.0,16220324.0,13149594.0,1745.1333058222358,0.8746666666666667,106238.0,17901508.0,14711165.0,1801.522232135277,0.87042777433354,109166.0,18499806.0,15427263.0,1817.1989533876751,0.8655360387643852,115454.0,19808567.0,16469367.0,1874.2897315488494,0.8481941309255079
EL,23,134102.0,2617844.0,12744101.0,1794.5420488187356,0.9263768115942029,148936.0,275248.0,13767047.0,1832.9866272473332,0.9205298013245033,143595.0,1032121.0,14280872.0,1821.1023278495725,0.9028856825749167,151802.0,15548054.0,15120030.0,1775.967521615364,0.9059304703476483,,,,,,,,,,,,,,,,,,,,,,,,,,,,,,,,,,,,,,,,,141869.0,1975118.0,18614204.0,1764.657471842182,0.8743633276740238,,,,,,,,,,,62051.0,700903.0,7921856.0,1754.3269939096226,0.9184782608695652
ES,34,618704.0,90196368.0,65355616.0,1900.1333346743438,0.942475412878085,677622.0,109234751.0,72048428.0,1850.1590330529853,0.9400865800865801,736227.0,108058389.0,78708345.0,1827.4773554568133,0.9420312746801454,769300.0,111638632.0,82444913.0,1829.5188901729052,0.9375286390713303,829346.0,121702480.0,90573274.0,1872.2933170876784,0.9314079422382672,803000.0,120269808.0,87666619.0,1969.6659404221414,0.9175271926201294,721523.0,112197590.0,81172507.0,1913.381354833516,0.9240471240471241,716545.0,112980793.0,82691912.0,1923.5602931083315,0.9132734003172924,739987.0,117665824.0,87519292.0,1995.6416972532745,0.9064961901071936,665360.0,108195621.0,82545133.0,2032.8896211445428,0.8985602958658038,619103.0,102305830.0,79467219.0,2045.1433519235454,0.8950219241681713,648533.0,106049668.0,84151480.0,2041.3158245099212,0.9010037641154329,669896.0,110636019.0,89666582.0,2035.8555052941804,0.9033535453532978,721564.0,122273545.0,100006568.0,2066.069613734808,0.8967895362663496,766642.0,130522087.0,108072720.0,2076.5445669813216,0.8933348447064158,823849.0,138062315.0,114976661.0,2098.5741631447613,0.8856374394835933
FR,53,602273.0,76744945.0,51625146.0,1986.3174359958205,0.7476340694006309,594938.0,78943924.0,54150037.0,2117.6220020065866,0.705160744500846,,,,,,,,,,,655194.0,86852295.0,63031165.0,1967.2237748294087,0.7093204219263358,670665.0,91557801.0,65463906.0,1958.187514190797,0.7098289164709829,630122.0,74966432.0,62856539.0,1933.2797982499933,0.7164229853791227,600926.0,89816540.0,64568787.0,2032.1839222153137,0.6970468431771895,636612.0,94790111.0,69102125.0,2051.7815893812467,0.6972130373169579,628587.0,96330484.0,70888420.0,1997.2175743383184,0.7017490494296578,611634.0,95460030.0,72281664.0,1971.028708563207,0.7083019436492392,601957.0,94768736.0,73741215.0,1967.2649701568116,0.7064946488784636,607503.0,96852979.0,75645230.0,1991.0108597414521,0.6993666224775372,615780.0,99530969.0,77821283.0,1970.7809403863596,0.6984628645309582,618711.0,101990032.0,81824147.0,2002.1586374553729,0.6971106412966878,727681.0,118405961.0,96368617.0,1997.0403749395814,0.6890107657932155
HR,6,,,,,,,,,,,,,,,,,,,,,,,,,,23854.0,2862234.0,1957790.0,963.1800548017038,0.9073170731707317,23173.0,2748048.0,1807993.0,1014.6370000562046,0.9143835616438356,24204.0,2794028.0,1920816.0,1064.0888703119326,0.9078125,26079.0,3017742.0,2213575.0,1054.4659724663202,0.881578947368421,26143.0,3175257.0,2402264.0,1089.3092652035018,0.9061166429587483,26635.0,3307076.0,2508990.0,1101.15871921342,0.9246753246753247,29019.0,3631628.0,2748317.0,1092.5756949911213,0.9211195928753181,29526.0,3806787.0,2915684.0,1133.7524546379275,0.9142156862745098,32019.0,4244070.0,3276325.0,1160.2707227245307,0.9059929494712103,32678.0,4519091.0,3615075.0,1198.685541842776,0.9081272084805654,35901.0,4956003.0,3920559.0,1214.4778352746307,0.9097142857142857
IT,37,481964.0,65732343.0,42379375.0,1535.293712776446,0.832774317201725,492505.0,69758354.0,45933986.0,1508.0260298443243,0.8398402839396628,512754.0,73640122.0,49493389.0,1600.5148169200581,0.8341736694677871,532846.0,77189719.0,52811184.0,1606.5618494744035,0.8336717740446742,587609.0,84241476.0,58673358.0,1623.9054956013706,0.8200203942895989,554657.0,81984646.0,56144018.0,1507.5932235969585,0.8305813553491572,540166.0,81274245.0,55385117.0,1452.804369657348,0.8383088869715272,548871.0,83396637.0,59193727.0,1461.6328369853914,0.8373312152501986,557943.0,86558264.0,63358054.0,1528.341896487,0.8398320335932813,541563.0,83303977.0,62575684.0,1472.5737594711104,0.8491798519378719,513893.0,82565288.0,61648183.0,1466.2930192720817,0.8441142191142191,500687.0,81061482.0,62374374.0,1491.601810077553,0.846570654498788,528465.0,83614282.0,67892705.0,1523.6650115366156,0.8490383284903833,542757.0,83747847.0,70532522.0,1524.213687571862,0.8472899340407227,562429.0,90022942.0,75365569.0,1526.0001709394119,0.8342872008324662,576797.0,98187297.0,79127401.0,1558.281964642854,0.8261799874134675
CY,2,,,,,,9266.0,1595167.0,1225710.0,2512.7854351997394,0.8566176470588235,20467.0,3756645.0,2592315.0,2558.309061089674,0.8321513002364066,22915.0,4089943.0,2936420.0,2475.554159857476,0.8333333333333334,19541.0,3532666.0,2607724.0,2554.5644993901615,0.7905236907730673,20376.0,3771864.0,2704619.0,2551.2279956379202,0.7764423076923077,18897.0,3373633.0,2488876.0,2507.2396579243277,0.8037383177570093,19383.0,3368344.0,2613636.0,2571.9803009891675,0.7878103837471784,19538.0,3433844.0,2704508.0,2689.093239314506,0.7963800904977375,18513.0,3393658.0,2678735.0,2592.6563994243797,0.8155555555555556,18900.0,3569932.0,2921487.0,2498.628475722804,0.821247892074199,17703.0,3334731.0,2715608.0,2447.8760788483823,0.7670329670329671,18877.0,3522171.0,2960011.0,2374.7183484950638,0.7652859960552268,23485.0,4212579.0,3506422.0,2440.253980983392,0.7320388349514563,26478.0,4864790.0,4049087.0,2390.920501752165,0.7084942084942085,27985.0,5136862.0,4271841.0,2367.525233192074,0.722027972027972
LV,1,,,,,,9218.0,727838.0,431560.0,997.7818653195546,0.8756476683937824,12592.0,1271639.0,844259.0,1360.6410013871018,0.8208955223880597,15312.0,1559909.0,1151842.0,1262.6043338154996,0.8564102564102564,15506.0,1691635.0,1250456.0,1139.743773920663,0.8871473354231975,19831.0,2081211.0,1460742.0,1198.616793209211,0.9076923076923077,22040.0,2324466.0,1658030.0,1212.6840402923353,0.8511166253101737,25657.0,2734144.0,1934680.0,1278.7337763151231,0.8518518518518519,21087.0,2094119.0,1587059.0,1173.348858439667,0.875,26406.0,2685143.0,1995839.0,1281.6874214776701,0.848421052631579,25580.0,2677773.0,2022426.0,1299.5762235772652,0.8313253012048193,25021.0,2613952.0,1985384.0,1216.153419063484,0.8642533936651584,22830.0,2339020.0,1728220.0,1133.0173231473286,0.875,22087.0,2329703.0,1794192.0,1059.3107688921548,0.8636363636363636,23806.0,2599591.0,2003822.0,1082.483127605806,0.8695652173913043,28588.0,3247815.0,2482916.0,1213.5330102802923,0.8250728862973761
LT,3,,,,,,,,,,,13782.0,1115954.0,639111.0,1072.7378128470496,0.8561151079136691,13332.0,1163407.0,781833.0,1130.3435099427907,0.8686868686868687,15139.0,1479479.0,986694.0,1280.748004618785,0.8258426966292135,17472.0,1755915.0,1144225.0,1326.5603787189002,0.8288770053475936,11427.0,1194585.0,845476.0,1256.813581280472,0.8566666666666667,14272.0,1555440.0,1084959.0,1300.3020924271016,0.8752834467120182,15000.0,1688791.0,1218059.0,1304.1625195582901,0.906187624750499,15461.0,1906559.0,1418237.0,1370.5750349632822,0.9116022099447514,13569.0,1770517.0,1354569.0,1350.6141909555188,0.922566371681416,14570.0,1905488.0,1427533.0,1310.4653904607812,0.9454545454545454,16474.0,2232990.0,1704174.0,1388.1866106556256,0.9549718574108818,17145.0,2347790.0,1797347.0,1342.977521578715,0.948936170212766,18519.0,2613735.0,2034766.0,1413.0959218396379,0.9178082191780822,21416.0,3172851.0,2502885.0,1438.6829991289662,0.8953125
LU,1,,,,,,,,,,,15554.0,1094371.0,598573.0,1014.2397969160796,0.9148936170212766,16382.0,1137487.0,640474.0,1009.4752018603594,0.9154929577464789,15642.0,1068259.0,655295.0,1013.6979446889906,0.9157894736842105,16696.0,1164727.0,694903.0,1102.7904023485964,0.8819672131147541,15245.0,1053161.0,631579.0,1091.9053298663227,0.8741258741258742,14981.0,1117232.0,666665.0,1097.1559149423674,0.8783783783783784,16272.0,1317946.0,754904.0,1179.8488684854456,0.9207920792079208,17631.0,1346000.0,819683.0,1185.027262022834,0.890625,18140.0,1478281.0,954753.0,1179.5484400231896,0.8941176470588236,18629.0,1616349.0,1087449.0,1124.3960277300357,0.8968481375358166,17308.0,1599391.0,1084561.0,830.5476858366522,1.0,18175.0,1852946.0,1192293.0,815.7955298507286,1.0,19631.0,2216997.0,1456036.0,802.8999625983971,1.0,21736.0,2524493.0,1664657.0,840.8995768683563,0.963963963963964
HU,2,22895.0,0.0,1639140.0,1048.83395771003,0.75,32413.0,0.0,2229144.0,1302.9599209570188,0.7983193277310925,39329.0,0.0,2923932.0,1240.5429440455732,0.85,36818.0,3410619.0,2880292.0,1248.6767015067644,0.8571428571428571,36109.0,4310055.0,3042100.0,1283.956418571832,0.8325581395348837,33639.0,4128856.0,2885882.0,1296.4174655578242,0.8484848484848485,33712.0,4131274.0,2926283.0,1295.4835386417503,0.8857142857142857,32670.0,4119690.0,3001582.0,1145.3430503046534,0.916083916083916,37182.0,4769193.0,3513125.0,1254.4083905229695,0.8822314049586777,29805.0,4376791.0,3364012.0,1215.9715522717352,0.9012345679012346,28499.0,4446529.0,3490710.0,1241.6149901449837,0.9024390243902439,29169.0,4533737.0,3690278.0,1250.2303589430048,0.8807157057654076,32024.0,5150228.0,4246108.0,1308.62315056308,0.8659217877094972,34612.0,5816010.0,4767225.0,1257.3366538043183,0.8637110016420362,36948.0,6290179.0,5327485.0,1282.0107923119701,0.8590704647676162,42548.0,7366109.0,6132528.0,1275.7726039664162,0.84251968503937
MT,1,11323.0,1362752.0,973682.0,1503.3643057531697,0.9444444444444444,8673.0,1321111.0,953820.0,1590.2459699528567,0.9411764705882353,8739.0,1374489.0,958222.0,1633.5861288540214,0.9411764705882353,7959.0,1255710.0,892845.0,1547.3070635055094,0.9375,9140.0,1501075.0,1043348.0,1597.5410027157632,0.9473684210526315,9244.0,1512082.0,1119615.0,1549.2170417851694,0.9541984732824428,9201.0,1503111.0,1074908.0,1560.1519568681497,0.9541984732824428,10053.0,1618215.0,1156633.0,1573.84949587352,0.9581881533101045,9481.0,1571216.0,1233841.0,1744.1578261483153,0.9611650485436893,9961.0,1655974.0,1307846.0,1623.3207891143966,0.9304347826086956,11054.0,1868256.0,1478595.0,1628.4879847147329,0.9083969465648855,11760.0,1989360.0,1594113.0,1582.1306427185007,0.9512820512820512,12958.0,2176964.0,1778741.0,1642.1891874338467,0.9712918660287081,10684.0,1798293.0,1501772.0,1611.2460462309887,1.0,13252.0,2339688.0,1894699.0,1623.5815641527045,1.0,14064.0,2485694.0,2019466.0,1642.07169972402,1.0
NL,5,170918.0,0.0,18222361.0,2956.166752704772,0.6674220963172804,176481.0,26449550.0,20061648.0,3011.091675368164,0.6651718983557549,179327.0,28147981.0,20831110.0,3004.4912910484895,0.6642048252092565,193378.0,33583378.0,22127754.0,3060.23062286176,0.6587723537941035,204409.0,31008702.0,23378459.0,2996.1101396394915,0.6732406992380099,203015.0,31155699.0,23441598.0,2972.9165939504387,0.6773916773916774,185274.0,28783758.0,21348504.0,2998.43493779374,0.6732584269662921,183982.0,29033868.0,22336108.0,2949.12221877212,0.6810126582278481,202454.0,31295533.0,24930490.0,2930.385215718188,0.6780333068992863,205058.0,31322607.0,25524783.0,2868.396934346635,0.6958028494416635,209555.0,32687295.0,26793223.0,2779.860968722367,0.7052518756698821,216670.0,34496307.0,28255112.0,2791.1605227153705,0.7132793237055302,224197.0,36464930.0,30164027.0,2795.9036447034564,0.7201068804275217,239554.0,39656162.0,33049685.0,2797.901427324493,0.7104819683181665,244400.0,41329458.0,35137245.0,2871.000643434797,0.696149843912591,251077.0,43326505.0,37066420.0,2842.733501469725,0.7013281503077421
AT,6,89901.0,8741419.0,5712612.0,1608.189882040859,0.8276923076923077,101173.0,10338863.0,6739505.0,1707.6063935534435,0.7904411764705882,108716.0,11350837.0,7649061.0,1616.921036874788,0.8102127659574468,115573.0,12375917.0,8655585.0,1611.6733757274012,0.805065234075211,125780.0,13620186.0,9474365.0,1445.865751018632,0.8114328136599851,129688.0,14270590.0,9921592.0,1497.2232563013597,0.7986774430565761,115245.0,12967494.0,9107812.0,1437.8595129005942,0.8032,121844.0,14615263.0,10238378.0,1484.4022579694247,0.7757847533632287,122810.0,15521888.0,10980251.0,1484.1749940692414,0.7841246290801187,119790.0,15239334.0,11293385.0,1529.5288149099736,0.7579365079365079,115804.0,14908003.0,11256832.0,1510.9963186100317,0.771585557299843,118261.0,15500355.0,11755716.0,1535.716507262833,0.7552804078659869,116402.0,15878477.0,11968324.0,1654.7104483047467,0.7375533428165008,116054.0,16322372.0,12158902.0,1696.045103803711,0.7659279778393352,116415.0,16854953.0,12742354.0,1767.8962446176408,0.7488554610856769,123224.0,18024237.0,13884526.0,1734.409624625707,0.7558290155440415
PL,12,,,,,,39584.0,3537644.0,2200163.0,1676.2949447829562,0.7492537313432835,39300.0,3654324.0,2361510.0,1860.9855337341853,0.7586206896551724,86077.0,7778430.0,5382257.0,1423.2069901817385,0.8555008210180624,91396.0,10031660.0,7075600.0,1475.4225867148448,0.8645367412140575,98389.0,11359618.0,7841849.0,1447.202696032211,0.8595927116827439,87276.0,9838509.0,6944753.0,1426.9715827749346,0.8637147786083956,89757.0,10499598.0,7496186.0,1368.5713018251508,0.8706939590614079,95772.0,11253511.0,8461991.0,1325.331605722881,0.9186363636363636,103344.0,11689591.0,9066622.0,1312.7635097613152,0.9117241379310345,101620.0,12367105.0,9248504.0,1329.8779584345327,0.9091314031180401,105313.0,13538066.0,10460555.0,1323.0865348143832,0.9170431211498973,113065.0,15197792.0,11904773.0,1291.5411477591092,0.9457218243497927,126304.0,17050727.0,13664206.0,1325.6077216610017,0.9553299492385787,138519.0,19180318.0,15741426.0,1421.3184127431186,0.9322999050933249,149785.0,21424503.0,17529494.0,1530.9919738033213,0.8646816037735849
PT,10,,,,,,68791.0,10358705.0,6232717.0,1674.087987530328,0.9332344213649851,70593.0,10971783.0,6615416.0,1646.4674806116375,0.9381578947368421,87823.0,12972649.0,7841327.0,1894.1232789944104,0.9249217935349322,95605.0,14679552.0,9160873.0,2026.9379465521847,0.9010507880910683,106430.0,15194919.0,10570733.0,2071.313719069407,0.9125,92214.0,13517392.0,9613223.0,2119.5417438243026,0.8940864960282436,94207.0,14005840.0,9980222.0,1945.6350274630604,0.9259911894273127,98335.0,14279160.0,10629885.0,1945.7656102020044,0.9295892707460185,95749.0,14247339.0,10716196.0,1961.2328767597755,0.9330143540669856,99572.0,14766433.0,11465982.0,2069.881902955917,0.9095704596834966,110042.0,16329852.0,12989225.0,2091.4517476048136,0.9118236472945892,123229.0,19061095.0,15494432.0,2002.7060736023852,0.9036789297658863,147147.0,22403657.0,18089091.0,2009.3618816351968,0.8926588525601481,161500.0,25649672.0,21173262.0,1996.4863632578654,0.9040793825799338,174092.0,28123932.0,23064277.0,2116.0960991875577,0.8775923115832068
RO,8,,,,,,,,,,,20543.0,1761464.0,985141.0,940.6382816624609,0.9157894736842105,26595.0,2326650.0,1577919.0,1066.4740772222926,0.9682539682539683,33040.0,3157621.0,2357332.0,1135.9068454463852,0.9508448540706606,39776.0,4551637.0,3213327.0,1261.4972116270535,0.9413298565840938,38728.0,4842786.0,3071237.0,1338.8350198007556,0.95593635250918,43241.0,4553031.0,3502909.0,1271.6063296617237,0.9475982532751092,43473.0,5336272.0,3920899.0,1324.163921941383,0.9528949950932286,38445.0,4455297.0,3493630.0,1254.1946449822844,0.9536679536679536,37169.0,4506636.0,3606177.0,1333.0269452830807,0.9855769230769231,40220.0,5156436.0,4209226.0,1407.7002583663461,0.948220064724919,50821.0,6610268.0,5528332.0,1395.7392842319537,0.9496644295302014,57734.0,7664930.0,6595876.0,1442.5945786697894,0.952191235059761,68107.0,9054798.0,8159329.0,1435.2133859877522,0.9427402862985685,70437.0,9975371.0,8658297.0,1455.760447829517,0.9263301500682128
SI,1,,,,,,7926.0,679209.0,374077.0,933.6542561279646,0.7411764705882353,9322.0,735411.0,437899.0,912.9757261031548,0.7096774193548387,9898.0,778166.0,478301.0,930.0758189125781,0.7437185929648241,11328.0,864321.0,556363.0,946.788975023999,0.7747747747747747,12845.0,971813.0,615941.0,934.2128774808311,0.7174887892376681,11578.0,864376.0,528452.0,992.1322281554335,0.7048458149779736,10036.0,739992.0,490286.0,867.6674004111533,0.7446808510638298,10365.0,821170.0,536468.0,884.1453709971828,0.7681159420289855,9102.0,683833.0,466415.0,949.2223877784344,0.8769230769230769,8760.0,738000.0,528874.0,983.4270844456938,0.8522167487684729,8187.0,749377.0,525637.0,911.5602303133853,0.817258883248731,8849.0,869748.0,596600.0,919.6131982082668,0.8101851851851852,8771.0,865065.0,598628.0,910.0075090670332,0.8110599078341014,10561.0,1058680.0,748149.0,903.7026298641819,0.7896825396825397,10422.0,1109834.0,765748.0,874.308048826497,0.805668016194332
SK,2,,,,,,,,,,,,,,,,12482.0,1458788.0,997137.0,1034.726404863244,0.8285714285714286,11508.0,1392103.0,1007284.0,1100.8939652274294,0.7896995708154506,13904.0,1761456.0,1208895.0,1348.6847461135296,0.8118811881188119,10247.0,1126228.0,818289.0,1218.171522580677,0.8233082706766918,9265.0,1069600.0,815789.0,1214.5263902393049,0.8350515463917526,8091.0,976245.0,782666.0,1346.260188360718,0.8446969696969697,6475.0,845661.0,680452.0,1268.1468118792043,0.8368200836820083,5334.0,847299.0,655633.0,1250.0219251823296,0.8916666666666667,5710.0,842101.0,710176.0,1256.1337392959972,0.8972332015810277,6752.0,1012376.0,848772.0,1397.092182657301,0.8858131487889274,8633.0,1215027.0,985045.0,1277.105135905295,0.8218085106382979,8534.0,1219714.0,1024169.0,1271.4517715203124,0.7793764988009593,8603.0,1405379.0,1186753.0,1274.2978826791423,0.8407079646017699
FI,16,90709.0,10296441.0,5482321.0,1405.5876319146469,0.884430176565008,97083.0,10877735.0,6186655.0,1644.9275675082852,0.8653576437587658,97495.0,10675153.0,6375744.0,1703.2659421684348,0.8620689655172413,99165.0,10561530.0,6786704.0,1707.3042206724263,0.8625180897250362,101406.0,11098913.0,7395135.0,1966.9115555472642,0.8335500650195059,104821.0,11889589.0,7599332.0,2104.511952487505,0.8164705882352942,95091.0,10681459.0,6874935.0,2047.3083951069325,0.8337264150943396,93479.0,10724537.0,7111166.0,2199.876646022306,0.8039647577092511,110515.0,12764626.0,8460659.0,2166.19841293588,0.8274161735700197,95681.0,11495865.0,8389610.0,2226.2199574282868,0.8287345385347288,87996.0,11165046.0,8110134.0,2322.89973669439,0.8293216630196937,86470.0,11629825.0,8537906.0,2470.3191358897097,0.8254310344827587,87878.0,11766081.0,8640376.0,2347.1351380478814,0.8217142857142857,87738.0,12108783.0,9080115.0,2309.711765779276,0.81199538638985,94213.0,13207202.0,10081372.0,2243.2382930520007,0.8,103112.0,14927510.0,11284747.0,2298.174279103105,0.8067061143984221
SE,22,160529.0,17461636.0,11169098.0,1467.9826067506988,0.9572192513368984,164196.0,18489188.0,11421700.0,1441.0857608002168,0.9428571428571428,154017.0,18498896.0,12150578.0,1665.3427279636262,0.9131255901794145,163270.0,19787101.0,13706756.0,1390.8414581878599,0.953757225433526,163787.0,20392998.0,14391839.0,1456.2108078644267,0.9523809523809523,167716.0,21935741.0,14734978.0,1545.788351501491,0.939499709133217,150903.0,19049941.0,13226977.0,1470.8373274357125,0.926860025220681,152669.0,19587874.0,13973962.0,1562.5557541269886,0.9293413173652695,173846.0,22531999.0,15846519.0,1540.332591238675,0.9375333689268553,170020.0,23025892.0,16380942.0,1562.6249070650517,0.9312114989733059,171950.0,24384663.0,16666063.0,1557.9227939798807,0.9183889772125067,176171.0,25372447.0,17490215.0,1656.573821254274,0.9040264754550469,178249.0,25916283.0,18120308.0,1662.7937273816488,0.9191011235955057,188696.0,27340220.0,19450279.0,1650.2456848795025,0.8971867007672635,195363.0,28658480.0,20464182.0,1650.8081431016303,0.8940529735132434,196516.0,28932486.0,20530747.0,1652.8059759826076,0.8877209746774964
IS,3,5038.0,1108989.0,677442.0,2893.2375011067393,0.6724137931034483,6014.0,1316527.0,835186.0,2971.3381133577113,0.6810810810810811,6249.0,1433129.0,930451.0,3056.2591242618487,0.678391959798995,6885.0,1632166.0,992018.0,3042.4252695789887,0.7167381974248928,7860.0,1729231.0,1078437.0,2857.474138301582,0.768,7129.0,1361734.0,942559.0,2818.5061517436734,0.7665198237885462,6140.0,1116027.0,830373.0,2796.619766071072,0.75,6309.0,1156932.0,891362.0,2965.085839628804,0.6854460093896714,7447.0,1381768.0,1077564.0,3061.473611972494,0.6508620689655172,7171.0,1334318.0,1054795.0,3139.6918881962456,0.601123595505618,9005.0,1670558.0,1316597.0,2930.297096879707,0.670995670995671,10681.0,1978330.0,1582233.0,2981.4964252498125,0.6438848920863309,13310.0,2480200.0,2074161.0,3062.2661808577313,0.6686390532544378,16007.0,3095100.0,2628684.0,3091.4443331144003,0.6089743589743589,19730.0,3993194.0,3394987.0,3226.6497193215255,0.59375,29295.0,5135220.0,4331222.0,2984.506784896624,0.6531440162271805
NO,30,220140.0,22338597.0,13614001.0,699.0069250442707,1.0,228931.0,23204411.0,14300780.0,682.2197889163544,0.9900166389351082,228884.0,23577029.0,15075356.0,750.1474071943198,0.9905956112852664,247642.0,25834672.0,16902990.0,850.0424685511415,0.9834139599170698,254004.0,28361512.0,18258744.0,920.8829693950689,0.9847522236340533,260487.0,28482487.0,18541024.0,942.3391004668587,0.9861830742659758,218540.0,28739488.0,17538448.0,973.0062536549016,0.9766536964980544,223425.0,30302383.0,18575829.0,1125.604646839312,0.9798882681564246,231293.0,32081954.0,20429187.0,1101.2752688251564,0.9730790802019069,241594.0,34151432.0,21697296.0,1182.7588930043546,0.9697428139183056,248179.0,35398551.0,22545419.0,1247.8207067461622,0.9720018665422305,250423.0,35596605.0,23013426.0,1255.119902938898,0.9720670391061452,271832.0,36608342.0,23780436.0,1145.4164890034606,0.9642401021711366,269732.0,36274914.0,24031168.0,1168.20622539797,0.9621451104100947,271937.0,36661732.0,24918787.0,1161.1189181606371,0.9618528610354223,266346.0,36993199.0,25531346.0,1185.4671278309659,0.9612903225806452
CH,5,,,,,,138329.0,16480308.0,10718819.0,2367.754824701755,0.7281818181818182,141399.0,17099241.0,11551981.0,2261.6668677558655,0.7378309137489325,143733.0,17022028.0,12683084.0,2198.899607192795,0.749607535321821,151699.0,18780230.0,13832513.0,2289.8564107692664,0.7167883211678832,156210.0,20818805.0,14693087.0,2231.8901695344703,0.7192494788047255,147947.0,20193066.0,14369676.0,2314.4041094551144,0.7057991513437057,150483.0,20257162.0,15205293.0,2491.873222907531,0.680794701986755,167162.0,23190403.0,16840512.0,2447.301484166037,0.6780986762936222,169935.0,23650490.0,17510135.0,2459.982433152987,0.6717112922002328,165652.0,23431400.0,17694799.0,2477.506224826118,0.6816037735849056,165428.0,23584506.0,18105954.0,2439.5553900033456,0.6870910172516359,169074.0,24400273.0,18854934.0,2361.353343748101,0.7051428571428572,170966.0,25508825.0,19555854.0,2330.2448068092112,0.7117750439367311,172314.0,26315399.0,20780620.0,2343.795989086775,0.7092957746478873,173566.0,26809086.0,21618621.0,2327.1499096848383,0.710352422907489
ME,2,,,,,,,,,,,,,,,,,,,,,,,,,,,,,,,,,,,,,,,,,,,,,,,,,,,,,,,,,,,,,,,,,,8365.0,1042227.0,777654.0,1225.4215374112034,0.5897435897435898,9087.0,1216399.0,933966.0,1239.0226519906798,0.6666666666666666,9338.0,1257263.0,990917.0,1200.6599745561703,0.6840148698884758
MK,1,,,,,,,,,,,,,,,,,,,,,,,,,,,,,,,,,,,,,,,,,,,,,,,,,,,,,,,,,,,,,,,,,,,,,,,7206.0,1096171.0,906463.0,1344.1910698524066,0.937984496124031,7934.0,1276444.0,1065824.0,1375.5207617398737,0.9164733178654292
TR,43,,,,,,,,,,,,,,,,,,,,,,,,,,,,,,,,,,,,,,,,,,,,,,358202.0,64557440.0,51632014.0,2067.0703556387916,0.7142147117296223,447964.0,81187790.0,65700874.0,2083.2279512161995,0.7002974147792267,496885.0,90741548.0,73548207.0,2051.6195542921837,0.7024552642530171,542616.0,99803261.0,80745795.0,2081.0494557295606,0.6994818652849741,533394.0,98231699.0,77931606.0,2059.302944325802,0.6969632618390317,559360.0,104664755.0,87588762.0,2118.182068440834,0.6313777947639977,593937.0,113945233.0,96046843.0,2140.073997881573,0.6399389727072385
UK,37,797972.0,119286667.0,88851523.0,2095.0109622369523,0.8255559840596478,849653.0,131010764.0,95941077.0,2084.905498426612,0.8126151012891344,893059.0,138465120.0,100535265.0,2037.1165569569505,0.8142646439106616,907888.0,140647544.0,103077223.0,2020.6755857710355,0.8142814873261663,917443.0,142330553.0,104614270.0,2044.552881664635,0.8148646053389668,886457.0,139475296.0,101400714.0,2047.9854009881883,0.8155311211466719,812360.0,128918175.0,94539746.0,2034.6308139370283,0.8176554246241365,763298.0,122146300.0,90908872.0,2080.0160722692654,0.8106434344494594,786987.0,126016756.0,94785154.0,2111.4851612161565,0.8154125694741342,781736.0,125618279.0,95830442.0,2074.9099775985364,0.8230889235569423,793654.0,129518059.0,99686085.0,2087.6018086956356,0.8195335573887361,806350.0,133449386.0,104214956.0,2115.073557749788,0.8171934769478558,837945.0,140347875.0,110969549.0,2124.8837918226372,0.8247737111373475,883729.0,148305082.0,118983950.0,2127.3337967796265,0.8310842691327734,915937.0,153637391.0,126632000.0,2164.223776572061,0.8283108988276161,919356.0,154669847.0,129354761.0,2224.3304969807873,0.8194600189769689
