,flight,distance
0,DE_EDDB_BE_EBBR,646.4557616402449
1,DE_EDDB_BG_LBSF,1306.358290027722
2,DE_EDDB_CH_LSGG,869.2382637559621
3,DE_EDDB_DE_EDDK,472.6461598968547
4,DE_EDDB_DK_EKCH,364.83824615241514
5,DE_EDDB_EL_LGAV,1798.0030148149415
6,DE_EDDB_EL_LGTS,1502.1203280108566
7,DE_EDDB_ES_GCTS,3672.5886875382757
8,DE_EDDB_ES_LEBL,1506.0665163622045
9,DE_EDDB_ES_LEMD,1855.6039805018374
10,DE_EDDB_ES_LEMG,2244.814485632054
11,DE_EDDB_ES_LEPA,1648.7432290585864
12,DE_EDDB_FR_LFMN,1076.858392649308
13,DE_EDDB_FR_LFPG,859.8171176471028
14,DE_EDDB_HU_LHBP,687.3639204195863
15,DE_EDDB_IE_EIDW,1332.5727461157194
16,DE_EDDB_IL_LLBG,2846.3520706262293
17,DE_EDDB_IT_LICC,1661.6843664963349
18,DE_EDDB_IT_LIMC,828.0656240800674
19,DE_EDDB_IT_LIME,796.0608394869646
20,DE_EDDB_IT_LIPE,887.7032724023121
21,DE_EDDB_IT_LIPH,754.8619762099518
22,DE_EDDB_IT_LIRA,1178.3504946229664
23,DE_EDDB_IT_LIRN,1279.0470079615507
24,DE_EDDB_IT_LIRP,994.4487450128653
25,DE_EDDB_LV_EVRA,841.5249156164947
26,DE_EDDB_NL_EHAM,596.5863834121333
27,DE_EDDB_NO_ENGM,875.286424601787
28,DE_EDDB_PT_LPPT,2308.664463813268
29,DE_EDDB_RO_LROP,1268.2082219423053
30,DE_EDDB_RU_ULLI,1323.441938914862
31,DE_EDDB_RU_UUEE,1601.6434024553632
32,DE_EDDB_SE_ESSA,854.3610818495644
33,DE_EDDB_TR_LTAI,2187.83656757184
34,DE_EDDB_TR_LTFJ,1750.3422959291486
35,DE_EDDB_UA_UKKK,1195.8566498128926
36,DE_EDDB_UK_EGCC,1067.1460419708108
37,DE_EDDB_UK_EGGD,1121.4834835567626
38,DE_EDDB_UK_EGGW,951.4753834128833
39,DE_EDDB_UK_EGKK,955.0927798966825
40,DE_EDDB_UK_EGPF,1232.398785051641
41,DE_EDDB_UK_EGPH,1169.268090576269
42,DE_EDDB_UK_EGSS,910.2407619856996
43,DE_EDDC_CH_LSZH,556.9155604648536
44,DE_EDDC_DE_EDDF,387.7405071832766
45,DE_EDDC_DE_EDDK,465.81671763286056
46,DE_EDDC_DE_EDDL,489.3043037677385
47,DE_EDDC_DE_EDDM,340.4482957202786
48,DE_EDDC_DE_EDDS,424.6148427622882
49,DE_EDDC_EG_HEGN,3150.637899544856
50,DE_EDDC_ES_LEPA,1546.6711203952536
51,DE_EDDC_NL_EHAM,635.3266437584628
52,DE_EDDC_RU_UUEE,1647.545771463266
53,DE_EDDC_TR_LTAI,2079.3203919294133
54,DE_EDDE_EG_HEGN,3270.907509739572
55,DE_EDDE_TR_LTAI,2219.235748127658
56,DE_EDDF_AE_OMAA,4866.26871179425
57,DE_EDDF_AE_OMDB,4848.0582466550895
58,DE_EDDF_AL_LATI,1289.9266480548026
59,DE_EDDF_AR_SAEZ,11479.139700492382
60,DE_EDDF_AT_LOWG,609.544931295793
61,DE_EDDF_AT_LOWI,369.89279250737053
62,DE_EDDF_AT_LOWL,456.0197183963943
63,DE_EDDF_AT_LOWS,409.3604297689911
64,DE_EDDF_AT_LOWW,621.9847836251986
65,DE_EDDF_BE_EBBR,305.70675541038935
66,DE_EDDF_BG_LBSF,1399.2276922165427
67,DE_EDDF_BR_SBGL,9545.881266742741
68,DE_EDDF_BR_SBGR,9776.26057775144
69,DE_EDDF_BY_UMMS,1399.3954819589785
70,DE_EDDF_CA_CYUL,5871.8746320344935
71,DE_EDDF_CA_CYVR,8086.7487826955385
72,DE_EDDF_CA_CYYC,7551.642340853986
73,DE_EDDF_CA_CYYZ,6362.037393807611
74,DE_EDDF_CH_LSGG,459.99314985062983
75,DE_EDDF_CH_LSZH,285.6488834672951
76,DE_EDDF_CN_ZBAA,7808.27803391301
77,DE_EDDF_CN_ZSNJ,8654.627161570872
78,DE_EDDF_CN_ZSPD,8877.552796682994
79,DE_EDDF_CO_SKBO,9089.635878151124
80,DE_EDDF_CY_LCLK,2638.9808512566087
81,DE_EDDF_CZ_LKPR,407.3118245570681
82,DE_EDDF_DE_EDDC,387.7405071832766
83,DE_EDDF_DE_EDDG,241.8592292953851
84,DE_EDDF_DE_EDDH,411.9606565116989
85,DE_EDDF_DE_EDDL,189.1796552297802
86,DE_EDDF_DE_EDDM,299.65363300561523
87,DE_EDDF_DE_EDDN,190.1722658148714
88,DE_EDDF_DE_EDDP,301.4809232819741
89,DE_EDDF_DE_EDDS,156.72436404951034
90,DE_EDDF_DE_EDDT,432.5678591999371
91,DE_EDDF_DE_EDDV,281.07450095170867
92,DE_EDDF_DE_EDDW,335.68648908819017
93,DE_EDDF_DE_EDNY,271.59302230250063
94,DE_EDDF_DK_EKBI,636.2911212946732
95,DE_EDDF_DK_EKCH,679.4592153195404
96,DE_EDDF_DO_MDPC,7521.250743992112
97,DE_EDDF_DZ_DAAG,1543.5478490405853
98,DE_EDDF_EE_EETN,1471.7801566054302
99,DE_EDDF_EG_HEGN,3323.724011231723
100,DE_EDDF_EG_HEMA,3516.987104312312
101,DE_EDDF_EL_LGAV,1817.1337749842762
102,DE_EDDF_EL_LGIR,2115.4282782240853
103,DE_EDDF_EL_LGKO,2089.8898957037923
104,DE_EDDF_EL_LGKR,1462.3110885556218
105,DE_EDDF_EL_LGRP,2179.8315665374685
106,DE_EDDF_EL_LGTS,1542.5181300163867
107,DE_EDDF_ES_GCFV,3055.7654320254237
108,DE_EDDF_ES_GCLP,3185.014896117389
109,DE_EDDF_ES_GCRR,2996.0997860787793
110,DE_EDDF_ES_GCTS,3239.2686875417817
111,DE_EDDF_ES_LEAL,1493.468489626107
112,DE_EDDF_ES_LEBB,1151.8637664698806
113,DE_EDDF_ES_LEBL,1093.879484467266
114,DE_EDDF_ES_LEIB,1364.5196808034573
115,DE_EDDF_ES_LEMD,1423.3968050307833
116,DE_EDDF_ES_LEMG,1817.7556872107969
117,DE_EDDF_ES_LEPA,1251.9047645166506
118,DE_EDDF_ES_LEVC,1371.2470239465026
119,DE_EDDF_ES_LEZL,1816.236943668065
120,DE_EDDF_ET_HAAB,5340.126082854964
121,DE_EDDF_FI_EFHK,1541.2569462735157
122,DE_EDDF_FR_LFBO,898.6555311856407
123,DE_EDDF_FR_LFLL,545.3237140534595
124,DE_EDDF_FR_LFML,776.2287496306221
125,DE_EDDF_FR_LFMN,716.1458058796085
126,DE_EDDF_FR_LFPG,450.29753594303065
127,DE_EDDF_HK_VHHH,9169.026634559725
128,DE_EDDF_HR_LDDU,1115.3495438907594
129,DE_EDDF_HR_LDSP,931.3854140736439
130,DE_EDDF_HR_LDZA,735.5934880325375
131,DE_EDDF_HU_LHBP,837.1263298546631
132,DE_EDDF_IE_EIDW,1090.0180110801605
133,DE_EDDF_IL_LLBG,2955.3702552240998
134,DE_EDDF_IN_VABB,6575.113571509012
135,DE_EDDF_IN_VIDP,6131.810220624656
136,DE_EDDF_IN_VOBL,7405.9017592371865
137,DE_EDDF_IN_VOMM,7598.599846254976
138,DE_EDDF_IR_OIIE,3781.72000659353
139,DE_EDDF_IS_BIKF,2407.513192422926
140,DE_EDDF_IT_LICC,1489.607799278043
141,DE_EDDF_IT_LIMC,489.6684556514852
142,DE_EDDF_IT_LIME,492.065413413877
143,DE_EDDF_IT_LIMF,541.7241929897846
144,DE_EDDF_IT_LIML,512.8789550456527
145,DE_EDDF_IT_LIPE,644.7848383949283
146,DE_EDDF_IT_LIPX,544.1057631050096
147,DE_EDDF_IT_LIPZ,577.5747692575858
148,DE_EDDF_IT_LIRF,958.0181029046664
149,DE_EDDF_IT_LIRN,1109.9079127014743
150,DE_EDDF_IT_LIRQ,720.2318758340252
151,DE_EDDF_JO_OJAI,3047.110047169189
152,DE_EDDF_JP_RJAA,9389.672509540589
153,DE_EDDF_JP_RJGG,9315.995916416476
154,DE_EDDF_JP_RJTT,9383.77584122994
155,DE_EDDF_KE_HKJK,6300.8044089535215
156,DE_EDDF_KR_RKSI,8564.994191093901
157,DE_EDDF_KW_OKBK,4025.205664012246
158,DE_EDDF_KZ_UACC,4322.184322269797
159,DE_EDDF_LB_OLBA,2841.1231882408056
160,DE_EDDF_LT_EYVI,1245.1359595083086
161,DE_EDDF_LU_ELLX,176.2366772047932
162,DE_EDDF_LV_EVRA,1273.3052005520206
163,DE_EDDF_MA_GMMN,2277.523205117142
164,DE_EDDF_MD_LUKK,1539.1330101769458
165,DE_EDDF_MT_LMML,1645.6272536202546
166,DE_EDDF_MU_FIMP,9177.538871762545
167,DE_EDDF_MX_MMMX,9566.814156199787
168,DE_EDDF_MX_MMUN,8619.680744439993
169,DE_EDDF_NA_FYWH,8079.517899902426
170,DE_EDDF_NG_DNAA,4550.167048331788
171,DE_EDDF_NG_DNMM,4842.143815900472
172,DE_EDDF_NL_EHAM,367.2689212869613
173,DE_EDDF_NO_ENGM,1133.905993336003
174,DE_EDDF_OM_OOMS,5183.987949430534
175,DE_EDDF_PA_MPTO,9096.440301808896
176,DE_EDDF_PL_EPGD,830.235373741571
177,DE_EDDF_PL_EPKK,802.3480566025523
178,DE_EDDF_PL_EPKT,750.4810815412574
179,DE_EDDF_PL_EPPO,634.4459971551611
180,DE_EDDF_PL_EPWA,898.9043704919968
181,DE_EDDF_PL_EPWR,600.6560800126782
182,DE_EDDF_PT_LPFR,1960.8527806121506
183,DE_EDDF_PT_LPMA,2838.39936441612
184,DE_EDDF_PT_LPPR,1655.5285049240892
185,DE_EDDF_PT_LPPT,1876.1503995348135
186,DE_EDDF_QA_OTBD,4589.547138092613
187,DE_EDDF_RO_LROP,1452.5122984425602
188,DE_EDDF_RS_LYBE,1056.6956231996398
189,DE_EDDF_RU_ULLI,1751.7027636126013
190,DE_EDDF_RU_UUDD,2052.9543031054973
191,DE_EDDF_RU_UUEE,2028.4757468749121
192,DE_EDDF_SA_OEJN,4130.550682846294
193,DE_EDDF_SA_OERK,4294.921760297764
194,DE_EDDF_SE_ESGG,883.2275829760797
195,DE_EDDF_SE_ESSA,1225.0008360402262
196,DE_EDDF_SG_WSSS,10282.574296816993
197,DE_EDDF_SI_LJLJ,609.1442248380405
198,DE_EDDF_TH_VTBS,9008.96407482399
199,DE_EDDF_TN_DTTA,1470.606175670152
200,DE_EDDF_TR_LTAC,2201.0731655414647
201,DE_EDDF_TR_LTAI,2300.7877754363767
202,DE_EDDF_TR_LTBA,1865.8503273475735
203,DE_EDDF_TR_LTBJ,1967.9893802880858
204,DE_EDDF_TR_LTFJ,1903.5838249615922
205,DE_EDDF_TW_RCTP,9382.836386895337
206,DE_EDDF_UA_UKBB,1588.644105342568
207,DE_EDDF_UA_UKKK,1556.6022901263254
208,DE_EDDF_UK_EGBB,768.3802269218866
209,DE_EDDF_UK_EGCC,834.8134323979816
210,DE_EDDF_UK_EGLC,622.221766154151
211,DE_EDDF_UK_EGLL,656.7075677408462
212,DE_EDDF_UK_EGPF,1086.176136140904
213,DE_EDDF_UK_EGPH,1035.1975963225902
214,DE_EDDF_UK_EGSS,620.3933412615402
215,DE_EDDF_US_KATL,7427.005523293484
216,DE_EDDF_US_KBOS,5905.7123405203965
217,DE_EDDF_US_KCLT,7076.572536108057
218,DE_EDDF_US_KDEN,8110.3435256550965
219,DE_EDDF_US_KDFW,8277.379448666896
220,DE_EDDF_US_KDTW,6697.867298299393
221,DE_EDDF_US_KEWR,6227.834955642961
222,DE_EDDF_US_KIAD,6567.791699662655
223,DE_EDDF_US_KIAH,8420.750446640692
224,DE_EDDF_US_KJFK,6206.1631007274755
225,DE_EDDF_US_KLAS,8985.75588074411
226,DE_EDDF_US_KLAX,9344.15334387148
227,DE_EDDF_US_KMCO,7635.215828571334
228,DE_EDDF_US_KMIA,7777.805128833216
229,DE_EDDF_US_KORD,6990.393654005484
230,DE_EDDF_US_KPHL,6356.268687879385
231,DE_EDDF_US_KSAN,9399.717781309648
232,DE_EDDF_US_KSEA,8221.621564506171
233,DE_EDDF_US_KSFO,9172.029503409714
234,DE_EDDF_US_KTPA,7754.429677950326
235,DE_EDDF_VN_VVNB,8725.660328122629
236,DE_EDDF_VN_VVTS,9665.024152262296
237,DE_EDDF_ZA_FACT,9356.832046166392
238,DE_EDDF_ZA_FAOR,8658.360611716233
239,DE_EDDG_DE_EDDF,241.8592292953851
240,DE_EDDG_DE_EDDM,512.1162288669957
241,DE_EDDG_EG_HEGN,3524.024330841513
242,DE_EDDG_EL_LGIR,2325.4107940119557
243,DE_EDDG_ES_LEPA,1449.5065721862222
244,DE_EDDG_TR_LTAI,2478.6021911475077
245,DE_EDDH_AE_OMDB,4888.077032711292
246,DE_EDDH_AT_LOWS,683.223634426006
247,DE_EDDH_AT_LOWW,768.5562161703067
248,DE_EDDH_BE_EBBR,482.8737213361821
249,DE_EDDH_CH_LSZH,693.3721735755284
250,DE_EDDH_DE_EDDF,411.9606565116989
251,DE_EDDH_DE_EDDK,363.79149397269475
252,DE_EDDH_DE_EDDL,340.22273546968813
253,DE_EDDH_DE_EDDM,600.3762584309827
254,DE_EDDH_DE_EDDN,465.8438687524514
255,DE_EDDH_DE_EDDS,552.2354805327911
256,DE_EDDH_DK_EKCH,280.3846825263468
257,DE_EDDH_EG_HEGN,3529.199807401968
258,DE_EDDH_EL_LGIR,2353.4441255528154
259,DE_EDDH_ES_GCFV,3405.987886434846
260,DE_EDDH_ES_GCLP,3528.2155337140234
261,DE_EDDH_ES_GCTS,3574.793137905502
262,DE_EDDH_ES_LEBL,1493.0713369816901
263,DE_EDDH_ES_LEMD,1782.2863100945765
264,DE_EDDH_ES_LEMG,2192.418228677171
265,DE_EDDH_ES_LEPA,1658.592612148877
266,DE_EDDH_FI_EFHK,1171.7180514245124
267,DE_EDDH_FR_LFPG,729.1982860560272
268,DE_EDDH_HU_LHBP,951.4162189576688
269,DE_EDDH_IE_EIDW,1076.132536033139
270,DE_EDDH_IT_LIMC,894.357276292526
271,DE_EDDH_IT_LIME,885.1742478497941
272,DE_EDDH_IT_LIPZ,919.5718166091252
273,DE_EDDH_IT_LIRF,1325.9443701452565
274,DE_EDDH_NL_EHAM,380.45537352054185
275,DE_EDDH_NO_ENGM,725.6445188748137
276,DE_EDDH_PL_EPWA,755.7668465511218
277,DE_EDDH_PT_LPPT,2199.9647065290305
278,DE_EDDH_RU_UUEE,1770.9071752882394
279,DE_EDDH_SE_ESSA,827.253996645405
280,DE_EDDH_TR_LTAI,2456.334481797538
281,DE_EDDH_TR_LTBA,1989.6529014851812
282,DE_EDDH_TR_LTBJ,2150.8200641975063
283,DE_EDDH_TR_LTFJ,2022.5671950186536
284,DE_EDDH_UK_EGCC,813.498251508908
285,DE_EDDH_UK_EGKK,745.1455597792108
286,DE_EDDH_UK_EGLL,747.6646557983755
287,DE_EDDH_UK_EGPH,895.7730558506241
288,DE_EDDH_UK_EGSS,685.8789735426551
289,DE_EDDK_AT_LOWW,747.9155840814262
290,DE_EDDK_CH_LSZH,391.89704053030886
291,DE_EDDK_DE_EDDB,472.6461598968547
292,DE_EDDK_DE_EDDC,465.81671763286056
293,DE_EDDK_DE_EDDH,363.79149397269475
294,DE_EDDK_DE_EDDM,436.53117435579867
295,DE_EDDK_DE_EDDT,464.4552984289628
296,DE_EDDK_DK_EKCH,643.8946793724418
297,DE_EDDK_EG_HEGN,3460.918330418022
298,DE_EDDK_EL_LGIR,2252.728921202571
299,DE_EDDK_ES_GCLP,3174.27904072771
300,DE_EDDK_ES_GCTS,3223.851203034793
301,DE_EDDK_ES_LEBL,1132.7486071424867
302,DE_EDDK_ES_LEPA,1303.5241976766831
303,DE_EDDK_IE_EIDW,959.5471436788768
304,DE_EDDK_IT_LIMC,593.8875080717238
305,DE_EDDK_IT_LIME,607.734196881403
306,DE_EDDK_IT_LIPE,769.2603119871085
307,DE_EDDK_IT_LIPZ,710.4558474117171
308,DE_EDDK_IT_LIRA,1090.9930735650028
309,DE_EDDK_IT_LIRF,1080.749615664214
310,DE_EDDK_PL_EPMO,949.8296504485563
311,DE_EDDK_PT_LPFR,1951.6007477507176
312,DE_EDDK_PT_LPPR,1619.393461729966
313,DE_EDDK_PT_LPPT,1852.3023399687202
314,DE_EDDK_RU_UUWW,2061.001635321642
315,DE_EDDK_TR_LTAI,2435.2474732177443
316,DE_EDDK_TR_LTBA,1996.8530426012474
317,DE_EDDK_TR_LTBJ,2103.8999184274767
318,DE_EDDK_TR_LTFJ,2034.1482110867707
319,DE_EDDK_UK_EGCC,701.3860051298764
320,DE_EDDK_UK_EGLL,535.8864522027318
321,DE_EDDK_UK_EGSS,493.95772070955474
322,DE_EDDL_AE_OMAA,5030.801733737423
323,DE_EDDL_AE_OMDB,5010.143739251525
324,DE_EDDL_AT_LOWS,595.4515008822524
325,DE_EDDL_AT_LOWW,789.7981473134465
326,DE_EDDL_CH_LSZH,444.6022502836239
327,DE_EDDL_CZ_LKPR,545.4396850894692
328,DE_EDDL_DE_EDDC,489.3043037677385
329,DE_EDDL_DE_EDDF,189.1796552297802
330,DE_EDDL_DE_EDDH,340.22273546968813
331,DE_EDDL_DE_EDDM,486.70480726274496
332,DE_EDDL_DE_EDDN,365.509152659478
333,DE_EDDL_DE_EDDP,381.20697202295435
334,DE_EDDL_DE_EDDS,338.49031369587686
335,DE_EDDL_DE_EDDT,470.13736411326033
336,DE_EDDL_DK_EKCH,620.1317564339453
337,DE_EDDL_DO_MDPC,7389.741222428703
338,DE_EDDL_EG_HEGN,3511.1686431724274
339,DE_EDDL_EG_HEMA,3704.6648134845677
340,DE_EDDL_EL_LGAV,2005.2232630420528
341,DE_EDDL_EL_LGIR,2304.160555428781
342,DE_EDDL_EL_LGKO,2276.0874866454747
343,DE_EDDL_EL_LGRP,2365.3547666468367
344,DE_EDDL_EL_LGTS,1728.8457321130961
345,DE_EDDL_ES_GCFV,3066.281938627093
346,DE_EDDL_ES_GCLP,3189.306481453083
347,DE_EDDL_ES_GCRR,3006.2333109819074
348,DE_EDDL_ES_GCTS,3237.068116436897
349,DE_EDDL_ES_LEAL,1555.4642277435162
350,DE_EDDL_ES_LEBB,1148.8692652040509
351,DE_EDDL_ES_LEBL,1167.3689220762258
352,DE_EDDL_ES_LEIB,1442.7586353478846
353,DE_EDDL_ES_LEJR,1909.4049295094503
354,DE_EDDL_ES_LEMD,1442.128692117638
355,DE_EDDL_ES_LEMG,1853.5693118819595
356,DE_EDDL_ES_LEPA,1341.552136882906
357,DE_EDDL_ES_LEVC,1427.3263808387449
358,DE_EDDL_FI_EFHK,1511.5105608172144
359,DE_EDDL_FR_LFPG,393.53723511444707
360,DE_EDDL_HU_LHBP,1002.2977688146648
361,DE_EDDL_IE_EIDW,917.9050822382776
362,DE_EDDL_IT_LICC,1669.7562259174606
363,DE_EDDL_IT_LIMC,645.7033094702413
364,DE_EDDL_IT_LIPZ,764.1783815730521
365,DE_EDDL_IT_LIRF,1134.4672623531858
366,DE_EDDL_IT_LIRN,1292.9144310070344
367,DE_EDDL_JP_RJAA,9354.12687874479
368,DE_EDDL_NL_EHAM,178.72792465463715
369,DE_EDDL_NO_ENGM,1018.9309399682004
370,DE_EDDL_PL_EPWA,984.3908812714039
371,DE_EDDL_PT_LPFR,1968.1929933246286
372,DE_EDDL_PT_LPPT,1863.4391673752089
373,DE_EDDL_RU_UUDD,2104.815169583589
374,DE_EDDL_RU_UUEE,2074.5388846979454
375,DE_EDDL_SE_ESSA,1164.7360266268402
376,DE_EDDL_SG_WSSS,10395.066678252744
377,DE_EDDL_TR_LTAC,2370.177145535084
378,DE_EDDL_TR_LTAI,2481.908749213518
379,DE_EDDL_TR_LTAU,2631.5700388019336
380,DE_EDDL_TR_LTBA,2040.7901299511032
381,DE_EDDL_TR_LTBJ,2152.110691812974
382,DE_EDDL_TR_LTFJ,2077.757412082858
383,DE_EDDL_UA_UKBB,1695.9277608996194
384,DE_EDDL_UK_EGBB,600.2064565071596
385,DE_EDDL_UK_EGCC,657.3414431679008
386,DE_EDDL_UK_EGKK,486.1411341025385
387,DE_EDDL_UK_EGLC,467.54795897589264
388,DE_EDDL_UK_EGLL,503.4809460155268
389,DE_EDDL_US_KATL,7253.277729758115
390,DE_EDDL_US_KEWR,6054.806078943377
391,DE_EDDL_US_KJFK,6033.511743791927
392,DE_EDDL_US_KMIA,7617.281088635591
393,DE_EDDM_AE_OMAA,4583.818199174345
394,DE_EDDM_AE_OMDB,4568.380368897965
395,DE_EDDM_AT_LOWG,313.37085192078695
396,DE_EDDM_AT_LOWW,356.3455080062081
397,DE_EDDM_BA_LQSA,713.4329552078498
398,DE_EDDM_BE_EBBR,598.4311245372662
399,DE_EDDM_BG_LBSF,1102.7033515608732
400,DE_EDDM_CA_CYUL,6168.524654038514
401,DE_EDDM_CA_CYYZ,6659.654971653977
402,DE_EDDM_CH_LSGG,489.4153962891439
403,DE_EDDM_CH_LSZH,261.368210355115
404,DE_EDDM_CN_ZBAA,7741.4423019204405
405,DE_EDDM_CN_ZSPD,8797.726311214421
406,DE_EDDM_CO_SKBO,9320.415701073154
407,DE_EDDM_CY_LCLK,2341.9844675297795
408,DE_EDDM_CZ_LKPR,264.9592979824576
409,DE_EDDM_DE_EDDC,340.4482957202786
410,DE_EDDM_DE_EDDF,299.65363300561523
411,DE_EDDM_DE_EDDG,512.1162288669957
412,DE_EDDM_DE_EDDH,600.3762584309827
413,DE_EDDM_DE_EDDK,436.53117435579867
414,DE_EDDM_DE_EDDL,486.70480726274496
415,DE_EDDM_DE_EDDN,137.48645742316958
416,DE_EDDM_DE_EDDP,343.00397327348117
417,DE_EDDM_DE_EDDS,193.05417671653217
418,DE_EDDM_DE_EDDT,479.8239223111618
419,DE_EDDM_DE_EDDV,480.6210516524005
420,DE_EDDM_DE_EDDW,563.3721808001042
421,DE_EDDM_DE_EDLP,427.910260455522
422,DE_EDDM_DE_EDLW,462.0971941653988
423,DE_EDDM_DK_EKCH,810.4414062753453
424,DE_EDDM_EG_HEGN,3024.523262724444
425,DE_EDDM_EL_LGAV,1518.592306797961
426,DE_EDDM_EL_LGIR,1818.268764790444
427,DE_EDDM_EL_LGKO,1790.243194597074
428,DE_EDDM_EL_LGRP,1880.2083299383041
429,DE_EDDM_EL_LGTS,1242.8754441835827
430,DE_EDDM_ES_GCFV,3117.785803814997
431,DE_EDDM_ES_GCLP,3255.573992619209
432,DE_EDDM_ES_GCTS,3319.2805749542326
433,DE_EDDM_ES_LEAL,1497.8067231107925
434,DE_EDDM_ES_LEBB,1269.7668330948711
435,DE_EDDM_ES_LEBL,1095.7773154232364
436,DE_EDDM_ES_LEIB,1345.0801835037864
437,DE_EDDM_ES_LEMD,1499.3437750892526
438,DE_EDDM_ES_LEMG,1856.5384156342886
439,DE_EDDM_ES_LEPA,1216.3236557020527
440,DE_EDDM_ES_LEVC,1389.8497373158805
441,DE_EDDM_FI_EFHK,1577.1992196201181
442,DE_EDDM_FR_LFBO,961.9267189410052
443,DE_EDDM_FR_LFLL,587.0940079242072
444,DE_EDDM_FR_LFML,746.410128821804
445,DE_EDDM_FR_LFMN,630.3613702087099
446,DE_EDDM_FR_LFPG,683.6016439977373
447,DE_EDDM_FR_LFRS,1011.9971724062424
448,DE_EDDM_GE_UGTB,2694.6250387960463
449,DE_EDDM_HK_VHHH,9034.821617224772
450,DE_EDDM_HR_LDDU,818.8168124024983
451,DE_EDDM_HR_LDSP,639.1166541959641
452,DE_EDDM_HR_LDZA,435.9438552773235
453,DE_EDDM_HU_LHBP,568.1106379495426
454,DE_EDDM_IE_EIDW,1385.0064017523996
455,DE_EDDM_IL_LLBG,2656.810401341138
456,DE_EDDM_IN_VABB,6317.990129559381
457,DE_EDDM_IN_VIDP,5910.216266402024
458,DE_EDDM_IS_BIKF,2698.5841902182397
459,DE_EDDM_IT_LIBD,892.8441093814548
460,DE_EDDM_IT_LICC,1238.441080756195
461,DE_EDDM_IT_LICJ,1135.6391996839866
462,DE_EDDM_IT_LIMC,381.71699992892695
463,DE_EDDM_IT_LIMF,471.7200545566606
464,DE_EDDM_IT_LIMJ,493.1723010275754
465,DE_EDDM_IT_LIPE,426.16808970012926
466,DE_EDDM_IT_LIPQ,308.63691044852834
467,DE_EDDM_IT_LIPX,335.8843963464238
468,DE_EDDM_IT_LIPY,540.5221007348999
469,DE_EDDM_IT_LIPZ,319.58198155958263
470,DE_EDDM_IT_LIRF,729.1830149401708
471,DE_EDDM_IT_LIRN,853.201482890784
472,DE_EDDM_IT_LIRP,530.137799643042
473,DE_EDDM_IT_LIRQ,507.0476419127834
474,DE_EDDM_JP_RJBB,9261.448068680555
475,DE_EDDM_JP_RJTT,9381.360376590452
476,DE_EDDM_KR_RKSI,8521.144352082703
477,DE_EDDM_LU_ELLX,432.0958532472561
478,DE_EDDM_LV_EVRA,1257.1463876979835
479,DE_EDDM_MT_LMML,1405.5318663067328
480,DE_EDDM_MX_MMMX,9860.448307828101
481,DE_EDDM_NL_EHAM,665.4327265354817
482,DE_EDDM_NO_ENGM,1310.6431994949562
483,DE_EDDM_OM_OOMS,4906.528302529956
484,DE_EDDM_PL_EPGD,815.0408034493898
485,DE_EDDM_PL_EPKK,613.1116616641581
486,DE_EDDM_PL_EPPO,576.9143424385252
487,DE_EDDM_PL_EPWA,779.1094808845512
488,DE_EDDM_PL_EPWR,477.9992972034594
489,DE_EDDM_PT_LPFR,2040.7986077906241
490,DE_EDDM_PT_LPPR,1794.066589597529
491,DE_EDDM_PT_LPPT,1986.9703922565927
492,DE_EDDM_QA_OTBD,4303.32787383869
493,DE_EDDM_RO_LRCL,911.249700496031
494,DE_EDDM_RO_LROP,1173.9012451488402
495,DE_EDDM_RO_LRSB,976.0441601330002
496,DE_EDDM_RO_LRTR,777.8759345714644
497,DE_EDDM_RS_LYBE,761.6664738638092
498,DE_EDDM_RU_ULLI,1744.9210331443023
499,DE_EDDM_RU_UUDD,1947.4290385837808
500,DE_EDDM_RU_UUEE,1932.6299490319157
501,DE_EDDM_SE_ESGG,1036.4815012560116
502,DE_EDDM_SE_ESSA,1318.8798645715115
503,DE_EDDM_SG_WSSS,10061.553007882823
504,DE_EDDM_SI_LJLJ,311.28111974396336
505,DE_EDDM_TH_VTBS,8808.952246311406
506,DE_EDDM_TR_LTAC,1915.9046976160632
507,DE_EDDM_TR_LTAI,2003.294802349292
508,DE_EDDM_TR_LTBA,1574.5183770670756
509,DE_EDDM_TR_LTBJ,1668.7851762582159
510,DE_EDDM_TR_LTFJ,1613.042613513905
511,DE_EDDM_UA_UKBB,1401.9317984567624
512,DE_EDDM_UK_EGBB,1062.6034199390504
513,DE_EDDM_UK_EGCC,1132.8604820651872
514,DE_EDDM_UK_EGKK,916.0550446263201
515,DE_EDDM_UK_EGLC,910.9972956860544
516,DE_EDDM_UK_EGLL,944.1300689816203
517,DE_EDDM_UK_EGPH,1333.2468265675916
518,DE_EDDM_UK_EGSS,913.3612410468593
519,DE_EDDM_US_KATL,7720.031208629761
520,DE_EDDM_US_KBOS,6198.109002779856
521,DE_EDDM_US_KCLT,7368.482736000279
522,DE_EDDM_US_KDEN,8408.827452296642
523,DE_EDDM_US_KEWR,6520.452979261585
524,DE_EDDM_US_KIAD,6860.8037521098695
525,DE_EDDM_US_KIAH,8717.862220482737
526,DE_EDDM_US_KJFK,6498.4721196643295
527,DE_EDDM_US_KLAX,9638.409867969893
528,DE_EDDM_US_KMIA,8058.238814962267
529,DE_EDDM_US_KORD,7289.491412897091
530,DE_EDDM_US_KSFO,9460.74991314932
531,DE_EDDM_ZA_FAOR,8412.264446511233
532,DE_EDDN_AT_LOWW,431.81448729504194
533,DE_EDDN_CH_LSZH,293.40906497173484
534,DE_EDDN_DE_EDDF,190.1722658148714
535,DE_EDDN_DE_EDDH,465.8438687524514
536,DE_EDDN_DE_EDDL,365.509152659478
537,DE_EDDN_DE_EDDM,137.48645742316958
538,DE_EDDN_EG_HEGN,3149.5821787782274
539,DE_EDDN_EL_LGIR,1947.731025860348
540,DE_EDDN_EL_LGTS,1365.9925743854515
541,DE_EDDN_ES_LEBL,1150.4037685520905
542,DE_EDDN_ES_LEMD,1524.7618263647628
543,DE_EDDN_ES_LEPA,1287.0668307542414
544,DE_EDDN_FR_LFPG,622.8221473448996
545,DE_EDDN_HU_LHBP,647.0017067696348
546,DE_EDDN_IT_LIME,437.60553522619233
547,DE_EDDN_IT_LIRA,863.8137285319624
548,DE_EDDN_NL_EHAM,542.8159593485516
549,DE_EDDN_PL_EPWA,756.4334134590438
550,DE_EDDN_RO_LROP,1262.3575570597116
551,DE_EDDN_RO_LRSB,1059.604867104668
552,DE_EDDN_TR_LTAI,2116.4229303472603
553,DE_EDDN_TR_LTBA,1677.5451128125492
554,DE_EDDN_UK_EGSS,809.936415832326
555,DE_EDDP_AT_LOWW,482.8228975938372
556,DE_EDDP_CH_LSZH,515.008242671473
557,DE_EDDP_DE_EDDF,301.4809232819741
558,DE_EDDP_DE_EDDK,361.73471011875677
559,DE_EDDP_DE_EDDL,381.20697202295435
560,DE_EDDP_DE_EDDM,343.00397327348117
561,DE_EDDP_DE_EDDS,372.8583428304257
562,DE_EDDP_EG_HEGN,3245.271029471588
563,DE_EDDP_EG_HEMA,3440.654586990146
564,DE_EDDP_EL_LGIR,2065.0582679962645
565,DE_EDDP_ES_GCFV,3352.1875760905364
566,DE_EDDP_ES_GCLP,3482.953333361531
567,DE_EDDP_ES_GCTS,3538.541729870239
568,DE_EDDP_ES_LEPA,1511.1414104216215
569,DE_EDDP_RU_UUWW,1713.3680699483914
570,DE_EDDP_TR_LTAI,2180.606506467694
571,DE_EDDP_TR_LTBA,1720.5767329423065
572,DE_EDDR_DE_EDDH,530.4131882012343
573,DE_EDDR_DE_EDDT,571.9055472844942
574,DE_EDDR_EL_LGIR,2133.3242634001667
575,DE_EDDR_ES_LEPA,1128.3077006827575
576,DE_EDDR_LU_ELLX,79.86624668702528
577,DE_EDDR_TR_LTAI,2349.4637529026472
578,DE_EDDS_AT_LOWW,547.6603488304298
579,DE_EDDS_CH_LSZH,145.16196038539454
580,DE_EDDS_DE_EDDC,424.6148427622882
581,DE_EDDS_DE_EDDF,156.72436404951034
582,DE_EDDS_DE_EDDH,552.2354805327911
583,DE_EDDS_DE_EDDL,338.49031369587686
584,DE_EDDS_DE_EDDM,193.05417671653217
585,DE_EDDS_DE_EDDT,517.5835266705648
586,DE_EDDS_DE_EDDV,420.7869807162079
587,DE_EDDS_DE_EDDW,485.72912460213496
588,DE_EDDS_DK_EKCH,805.6556437063443
589,DE_EDDS_EG_HEGN,3191.546310206836
590,DE_EDDS_EL_LGIR,1978.3375109494546
591,DE_EDDS_EL_LGRP,2054.365757470953
592,DE_EDDS_EL_LGTS,1415.9384950186004
593,DE_EDDS_ES_GCFV,2991.5652888819063
594,DE_EDDS_ES_GCLP,3125.2558536357387
595,DE_EDDS_ES_GCTS,3184.41717122368
596,DE_EDDS_ES_LEBL,995.1518345276713
597,DE_EDDS_ES_LEPA,1139.2876814783874
598,DE_EDDS_FR_LFPG,490.80567534978263
599,DE_EDDS_HR_LDSP,791.1846935681987
600,DE_EDDS_HU_LHBP,760.7210379634895
601,DE_EDDS_IT_LIMC,342.16756227648955
602,DE_EDDS_IT_LIME,337.2859059361147
603,DE_EDDS_IT_LIRF,801.3117464763254
604,DE_EDDS_IT_LIRN,954.9633378683594
605,DE_EDDS_NL_EHAM,511.7370032079082
606,DE_EDDS_PL_EPWA,918.3740282770048
607,DE_EDDS_PT_LPPT,1835.706366438012
608,DE_EDDS_RU_UUEE,2067.2650447560814
609,DE_EDDS_TR_LTAI,2185.373081590937
610,DE_EDDS_TR_LTBA,1763.207158016536
611,DE_EDDS_TR_LTBJ,1846.481202949252
612,DE_EDDS_TR_LTFJ,1802.1522475929125
613,DE_EDDS_UK_EGKK,728.4903028124843
614,DE_EDDS_UK_EGLL,758.2441503306778
615,DE_EDDS_US_KATL,7534.2444501408045
616,DE_EDDT_AT_LOWW,547.1749377016748
617,DE_EDDT_BE_EBBR,635.1117958003613
618,DE_EDDT_CH_LSZH,660.3661502811817
619,DE_EDDT_CN_ZBAA,7376.329350494318
620,DE_EDDT_DE_EDDF,432.5678591999371
621,DE_EDDT_DE_EDDK,464.4552984289628
622,DE_EDDT_DE_EDDL,470.13736411326033
623,DE_EDDT_DE_EDDM,479.8239223111618
624,DE_EDDT_DE_EDDS,517.5835266705648
625,DE_EDDT_DK_EKCH,342.89448554073726
626,DE_EDDT_EG_HEGN,3294.0373807272035
627,DE_EDDT_EL_LGAV,1823.3637215751135
628,DE_EDDT_EL_LGIR,2131.7862467794334
629,DE_EDDT_ES_LEAL,1914.26479848922
630,DE_EDDT_ES_LEBL,1511.5247204848956
631,DE_EDDT_ES_LEMD,1855.8748862780267
632,DE_EDDT_ES_LEMG,2247.3598256317678
633,DE_EDDT_ES_LEPA,1656.4395366906685
634,DE_EDDT_FI_EFHK,1121.3296365224471
635,DE_EDDT_FR_LFPG,852.672905828016
636,DE_EDDT_FR_LFPO,880.4721854650772
637,DE_EDDT_HU_LHBP,712.9449595434364
638,DE_EDDT_IE_EIDW,1312.6921064249534
639,DE_EDDT_IL_LLBG,2871.7308836454963
640,DE_EDDT_IS_BIKF,2412.961918207325
641,DE_EDDT_IT_LICC,1683.0193549288692
642,DE_EDDT_IT_LIMC,839.0430557878043
643,DE_EDDT_IT_LIPZ,787.4811396107817
644,DE_EDDT_IT_LIRF,1198.7733657881226
645,DE_EDDT_IT_LIRN,1299.9386850426413
646,DE_EDDT_LU_ELLX,593.7041274638219
647,DE_EDDT_LV_EVRA,840.7696780222136
648,DE_EDDT_NL_EHAM,580.052806461877
649,DE_EDDT_NO_ENGM,853.0985722806687
650,DE_EDDT_PL_EPKK,530.1852633510629
651,DE_EDDT_PL_EPWA,524.7158296230683
652,DE_EDDT_PT_LPFR,2393.3565094419805
653,DE_EDDT_PT_LPPT,2305.8521187035753
654,DE_EDDT_QA_OTBD,4406.36695134885
655,DE_EDDT_RS_LYBE,1003.0682725923276
656,DE_EDDT_RU_UUDD,1636.7274068517945
657,DE_EDDT_RU_UUWW,1596.5491967826192
658,DE_EDDT_SE_ESSA,840.0952590452949
659,DE_EDDT_SG_WSSS,9937.694180476168
660,DE_EDDT_TR_LTAI,2213.256225025801
661,DE_EDDT_TR_LTBA,1743.2341793180044
662,DE_EDDT_TR_LTBJ,1914.2922950196444
663,DE_EDDT_UA_UKBB,1245.1455554267402
664,DE_EDDT_UK_EGCC,1047.5064425646435
665,DE_EDDT_UK_EGKK,940.3952047464136
666,DE_EDDT_UK_EGLC,914.3438804596867
667,DE_EDDT_UK_EGLL,950.2440241768918
668,DE_EDDT_UK_EGPH,1146.126943381714
669,DE_EDDT_US_KEWR,6404.820905812465
670,DE_EDDV_AT_LOWW,688.6067317385878
671,DE_EDDV_CH_LSZH,561.6658012731772
672,DE_EDDV_DE_EDDF,281.07450095170867
673,DE_EDDV_DE_EDDM,480.6210516524005
674,DE_EDDV_DE_EDDS,420.7869807162079
675,DE_EDDV_EG_HEGN,3449.789035780493
676,DE_EDDV_EL_LGIR,2262.815636090599
677,DE_EDDV_ES_GCFV,3299.3553912329107
678,DE_EDDV_ES_GCLP,3424.0636816810943
679,DE_EDDV_ES_GCTS,3473.2903767658777
680,DE_EDDV_ES_LEPA,1530.6922159580113
681,DE_EDDV_FR_LFPG,632.6435410209288
682,DE_EDDV_NL_EHAM,335.43584871737283
683,DE_EDDV_RU_UUEE,1837.3659163123345
684,DE_EDDV_TR_LTAI,2389.469575532829
685,DE_EDDV_TR_LTBA,1930.479998330944
686,DE_EDDV_TR_LTBJ,2075.111694632595
687,DE_EDDV_UK_EGLL,705.4520726572048
688,DE_EDDW_CH_LSZH,621.2264206191024
689,DE_EDDW_DE_EDDF,335.68648908819017
690,DE_EDDW_DE_EDDM,563.3721808001042
691,DE_EDDW_DE_EDDS,485.72912460213496
692,DE_EDDW_EG_HEGN,3538.8060279714796
693,DE_EDDW_ES_LEAL,1791.8312600109016
694,DE_EDDW_ES_LEGE,1318.7252778729785
695,DE_EDDW_ES_LEMG,2093.0050669387215
696,DE_EDDW_ES_LEPA,1569.439045430407
697,DE_EDDW_FR_LFPG,626.3663349732424
698,DE_EDDW_IT_LIME,822.7508619408251
699,DE_EDDW_LT_EYVI,1097.6835245722298
700,DE_EDDW_MK_LWSK,1561.5953500213766
701,DE_EDDW_NL_EHAM,284.1909674638149
702,DE_EDDW_PL_EPGD,655.4556572884395
703,DE_EDDW_PT_LPFR,2205.8087706740434
704,DE_EDDW_PT_LPPR,1854.948441034352
705,DE_EDDW_TR_LTAI,2477.390522176217
706,DE_EDDW_TR_LTBA,2017.155386531765
707,DE_EDDW_UA_UKKK,1519.5230806849563
708,DE_EDDW_UK_EGSS,595.0219070180923
709,DE_EDFH_BA_LQTZ,1059.5315298181822
710,DE_EDFH_EL_LGSA,2105.7679839821967
711,DE_EDFH_EL_LGTS,1612.6392369075345
712,DE_EDFH_ES_GCTS,3161.845397306687
713,DE_EDFH_ES_LEGE,959.830418117334
714,DE_EDFH_ES_LEMG,1751.8396372156415
715,DE_EDFH_ES_LEPA,1209.0877958921114
716,DE_EDFH_IE_EIKY,1199.8219881083887
717,DE_EDFH_IT_LIBD,1226.2443683791078
718,DE_EDFH_IT_LIBP,990.6389825287469
719,DE_EDFH_IT_LICA,1417.8602068697485
720,DE_EDFH_IT_LICB,1555.189555908813
721,DE_EDFH_IT_LIEE,1197.087992834437
722,DE_EDFH_IT_LIRA,995.2273571459262
723,DE_EDFH_IT_LIRN,1146.403795012048
724,DE_EDFH_KW_OKBK,4110.5274052957975
725,DE_EDFH_LT_EYVI,1330.7829463798168
726,DE_EDFH_MA_GMFF,2042.6912135173827
727,DE_EDFH_MA_GMMW,1860.8370897862021
728,DE_EDFH_MA_GMMX,2401.342566911957
729,DE_EDFH_MK_LWSK,1419.5990858351581
730,DE_EDFH_RO_LRCL,1263.6763807278019
731,DE_EDFH_RO_LRSB,1337.8105411066167
732,DE_EDFH_RO_LRTR,1146.5939499642275
733,DE_EDFH_UA_UKLL,1197.3279800539665
734,DE_EDFH_US_KPSM,5764.5570614942835
735,DE_EDJA_BA_LQBK,638.880914957797
736,DE_EDJA_BA_LQTZ,762.5891919928631
737,DE_EDJA_BG_LBSF,1185.839188853313
738,DE_EDJA_BG_LBWN,1466.0173549705485
739,DE_EDJA_EL_LGTS,1309.5427861410406
740,DE_EDJA_ES_GCTS,3200.8438172104475
741,DE_EDJA_ES_LEAL,1388.1100602903373
742,DE_EDJA_ES_LEMG,1741.986389924017
743,DE_EDJA_ES_LEPA,1113.8934761459586
744,DE_EDJA_GE_UGKO,2598.7216607294017
745,DE_EDJA_IE_EIDW,1309.2560434785926
746,DE_EDJA_IL_LLBG,2731.0738454735583
747,DE_EDJA_IT_LICJ,1114.3868276455867
748,DE_EDJA_MA_GMFF,2012.1376165044655
749,DE_EDJA_MA_GMMX,2387.0665501616536
750,DE_EDJA_MD_LUKK,1410.8423741234824
751,DE_EDJA_ME_LYPG,944.0043444547348
752,DE_EDJA_MK_LWSK,1118.2192735228607
753,DE_EDJA_PT_LPFR,1921.6203138208105
754,DE_EDJA_PT_LPPR,1672.089394666389
755,DE_EDJA_RO_LRCL,1022.73633432134
756,DE_EDJA_RO_LROP,1276.2749579613546
757,DE_EDJA_RO_LRSB,1082.1478406864978
758,DE_EDJA_RO_LRTM,1084.9818848395712
759,DE_EDJA_RO_LRTR,878.7940686326571
760,DE_EDJA_RS_LYBE,849.8947484849338
761,DE_EDJA_RS_LYNI,1040.776765746802
762,DE_EDJA_RU_UUWW,2030.3164719215201
763,DE_EDJA_UA_UKKK,1492.5681152713705
764,DE_EDJA_UA_UKLL,1024.3635319666746
765,DE_EDJA_UK_EGSS,837.7540591306752
766,DE_EDLP_DE_EDDF,175.8819536679833
767,DE_EDLP_DE_EDDM,427.910260455522
768,DE_EDLP_ES_GCFV,3180.8591545031513
769,DE_EDLP_ES_LEPA,1415.783096661714
770,DE_EDLP_TR_LTAI,2392.996102639649
771,DE_EDLV_EE_EETN,1458.2649723267525
772,DE_EDLV_EL_LGSA,2290.0453237515867
773,DE_EDLV_EL_LGTS,1784.4837070543106
774,DE_EDLV_ES_LEAL,1570.2520318957654
775,DE_EDLV_ES_LEGE,1108.662996871558
776,DE_EDLV_ES_LEMG,1859.9638918282794
777,DE_EDLV_ES_LEPA,1365.0408063493574
778,DE_EDLV_ES_LEVC,1440.7552706868673
779,DE_EDLV_IT_LIBD,1418.2180162312875
780,DE_EDLV_IT_LICJ,1588.0572318583588
781,DE_EDLV_IT_LIEE,1391.1712064316853
782,DE_EDLV_IT_LIRA,1195.1359350285645
783,DE_EDLV_IT_LIRP,936.1298338317218
784,DE_EDLV_MA_GMFF,2158.4746303407283
785,DE_EDLV_MA_GMFO,1976.886423812576
786,DE_EDLV_MA_GMME,2208.9647718616948
787,DE_EDLV_MA_GMMW,1986.3854085577634
788,DE_EDLV_MA_GMMX,2505.556153334491
789,DE_EDLV_MA_GMTT,2008.1953622249634
790,DE_EDLV_PT_LPFR,1965.9834176609932
791,DE_EDLV_PT_LPPR,1613.6934538516828
792,DE_EDLV_SE_ESKN,1051.2120939772046
793,DE_EDLV_UA_UKLL,1270.7144055033161
794,DE_EDLV_UK_EGPH,791.0675303938636
795,DE_EDLW_AL_LATI,1454.2881231692227
796,DE_EDLW_AT_LOWW,747.1049207142613
797,DE_EDLW_BA_LQTZ,1139.682672075056
798,DE_EDLW_BG_LBSF,1543.4629918109063
799,DE_EDLW_BG_LBWN,1774.0724418092684
800,DE_EDLW_DE_EDDM,462.0971941653988
801,DE_EDLW_EL_LGTS,1698.8929559457865
802,DE_EDLW_ES_LEMG,1907.5939963397518
803,DE_EDLW_ES_LEPA,1382.5939221179183
804,DE_EDLW_GE_UGKO,2822.3420321927942
805,DE_EDLW_HU_LHBP,957.3732451080845
806,DE_EDLW_HU_LHDC,1106.5361013222077
807,DE_EDLW_LT_EYVI,1230.4023364478371
808,DE_EDLW_LV_EVRA,1220.567004740729
809,DE_EDLW_MD_LUKK,1627.8279352839938
810,DE_EDLW_MK_LWSK,1503.3910852281174
811,DE_EDLW_PL_EPGD,794.8781422022403
812,DE_EDLW_PL_EPKK,871.94868069528
813,DE_EDLW_PL_EPKT,812.5428556631655
814,DE_EDLW_PL_EPSY,929.4264083831796
815,DE_EDLW_PL_EPWR,647.8414868193404
816,DE_EDLW_PT_LPPR,1688.3817055608918
817,DE_EDLW_RO_LRCL,1281.770373686595
818,DE_EDLW_RO_LRIA,1526.1055158977308
819,DE_EDLW_RO_LROP,1572.8014298762707
820,DE_EDLW_RO_LRSB,1367.0752625683442
821,DE_EDLW_RO_LRTM,1347.6076249617065
822,DE_EDLW_RO_LRTR,1190.9358014348484
823,DE_EDLW_RS_LYBE,1200.0304463458197
824,DE_EDLW_RS_LYNI,1403.4244264871313
825,DE_EDLW_UA_UKHH,2019.802072566734
826,DE_EDLW_UA_UKKK,1602.9025306276087
827,DE_EDLW_UA_UKLL,1168.460387047128
828,DE_EDLW_UK_EGGW,552.9323794897721
829,DE_EDLW_UK_EGSS,511.42331415451935
830,DE_EDNY_BA_LQTZ,796.5835339978087
831,DE_EDNY_DE_EDDF,271.59302230250063
832,DE_EDNY_DE_EDDH,663.7515463869014
833,DE_EDNY_MK_LWSK,1146.9114507199845
834,DE_EDNY_TR_LTAI,2113.588012631634
835,DE_EDSB_BG_LBSF,1367.7734025739994
836,DE_EDSB_DE_EDDT,558.5995066176445
837,DE_EDSB_EL_LGIR,2047.7818952548334
838,DE_EDSB_EL_LGTS,1491.4046076739248
839,DE_EDSB_ES_LEAL,1357.3197106448538
840,DE_EDSB_ES_LEGE,870.2528780283963
841,DE_EDSB_ES_LEMG,1689.2350738020225
842,DE_EDSB_ES_LEPA,1110.0814466733864
843,DE_EDSB_ES_LEZL,1693.7587389783403
844,DE_EDSB_IL_LLBG,2913.4554403276306
845,DE_EDSB_IT_LIBD,1089.4040113623528
846,DE_EDSB_IT_LIEE,1061.5207026507278
847,DE_EDSB_IT_LIRA,852.3667467627703
848,DE_EDSB_MA_GMMX,2338.731350160216
849,DE_EDSB_MK_LWSK,1300.4846044235971
850,DE_EDSB_MT_LMML,1527.7771066622236
851,DE_EDSB_PT_LPPR,1558.8573376105685
852,DE_EDSB_RS_LYBE,1030.5837994449494
853,DE_EDSB_RU_UUWW,2115.61993300695
854,DE_EDSB_TR_LTAI,2264.19546879577
855,DE_EDSB_UK_EGPH,1113.2000076098109
856,DE_EDSB_UK_EGSS,656.2592138571101
857,DE_ETNL_DE_EDDM,619.9969391100051
858,DE_ETNL_TR_LTAI,2368.022919250205
909,DE_EDDC_EL_LGIR,1979.0545718806347
910,DE_EDDC_EL_LGRP,1993.9575892272699
916,DE_EDDE_ES_LEPA,1422.406684166792
1008,DE_EDDF_IT_LIPH,557.76785448969
1206,DE_EDDL_EL_LGKR,1651.4898234069733
1265,DE_EDDM_CA_CYVR,8364.983455734819
1327,DE_EDDM_IT_LIEO,847.6707347837444
1422,DE_EDDP_BG_LBBG,1517.6156129716016
1423,DE_EDDP_BG_LBWN,1484.100424199619
1433,DE_EDDP_EL_LGKO,2005.9696362531283
1434,DE_EDDP_EL_LGKR,1442.4068036873205
1435,DE_EDDP_EL_LGRP,2089.2739940724828
1541,DE_EDDT_US_KJFK,6385.094482760012
1565,DE_EDDW_EL_LGIR,2351.7344359506524
1578,DE_EDDW_SE_ESKN,815.3376026867552
1588,DE_EDFH_ES_LEIB,1316.1025615943045
1591,DE_EDFH_ES_LEST,1433.3702883966198
1597,DE_EDFH_IT_LICT,1400.8229187254958
1603,DE_EDFH_LV_EVRA,1349.06286676746
1622,DE_EDJA_ES_LEZL,1761.541683337247
1626,DE_EDJA_IT_LIBR,1019.4897777201364
1643,DE_EDJA_SE_ESKN,1279.7801141542889
1646,DE_EDJA_UK_EGPH,1284.0991198076233
1650,DE_EDLP_EL_LGIR,2239.2978433208264
1659,DE_EDLV_ES_LEIB,1462.6160063495447
1663,DE_EDLV_HR_LDZD,1079.3699988517808
1680,DE_EDLV_UK_EGSS,409.10169709693184
1719,DE_EDNY_ES_LEPA,1053.9097709180626
1722,DE_EDNY_TR_LTBA,1703.7698857972198
1734,DE_EDSB_IT_LICT,1258.6357803117594
1741,DE_EDSB_PT_LPPT,1769.0625025860354
2636,DE_ETNL_ES_LEMD,1908.0925288892493
2637,DE_ETNL_IT_LIRF,1347.3612073969778
3327,DE_EDDV_EL_LGKO,2210.257829898145
3328,DE_EDDV_EL_LGRP,2294.7043390573763
3332,DE_EDDV_ES_LEBL,1368.0306637167955
3414,DE_EDJA_PL_EPMO,892.2940401731184
4982,DE_EDDN_MK_LWSK,1170.5855426803698
7077,DE_EDNY_UK_EGKK,802.3452053106247
9610,DE_EDDB_AT_LOWW,522.1918042496859
9614,DE_EDDB_CH_LSZH,652.6798071055273
9617,DE_EDDB_EG_HEGN,3268.4561334817554
9625,DE_EDDB_FR_LFBO,1326.8901741527
9630,DE_EDDB_IS_BIKF,2438.4238460368
9636,DE_EDDB_IT_LIPZ,769.2906357571263
9643,DE_EDDB_PL_EPKK,506.64785998707583
9664,DE_EDDC_ES_GCFV,3416.091656185135
9665,DE_EDDC_ES_GCLP,3549.364661245393
9696,DE_EDDF_CU_MUHA,8151.776127841924
9728,DE_EDDF_ES_LEJR,1886.2903384391839
9768,DE_EDDF_JP_RJBB,9283.582266226374
9774,DE_EDDF_KZ_UAAA,5103.721660421597
9816,DE_EDDF_TH_VTSP,9305.059202812752
9858,DE_EDDG_ES_GCFV,3178.525675650465
9859,DE_EDDG_ES_GCLP,3300.9329377311683
9867,DE_EDDH_CZ_LKPR,490.53951458967043
9912,DE_EDDK_DE_EDDP,361.73471011875677
9917,DE_EDDK_ES_GCFV,3049.5039885464807
9921,DE_EDDK_ES_LEMG,1829.290390714736
9923,DE_EDDK_HU_LHBP,961.6709029796704
9945,DE_EDDL_CH_LSGG,563.8129445783795
9990,DE_EDDL_RU_ULLI,1745.5060796462762
9993,DE_EDDL_SE_ESGG,793.7536214101619
10040,DE_EDDM_EE_EETN,1494.6522742924567
10125,DE_EDDM_UK_EGGW,951.957315595468
10141,DE_EDDM_US_KPHL,6648.7436050141405
10150,DE_EDDN_DE_EDDT,374.10986733318566
10152,DE_EDDN_EG_HEMA,3343.570717909647
10154,DE_EDDN_ES_GCFV,3153.398395573273
10155,DE_EDDN_ES_GCLP,3287.5037026597583
10156,DE_EDDN_ES_GCTS,3346.964418416901
10165,DE_EDDN_PL_EPKK,629.9093134957892
10170,DE_EDDN_UK_EGCC,1020.9067586496756
10187,DE_EDDP_UK_EGSS,831.1993701286763
10193,DE_EDDS_BE_EBBR,420.4011754311433
10214,DE_EDDS_IE_EIDW,1203.6582072567735
10215,DE_EDDS_IT_LICC,1333.558847533398
10222,DE_EDDS_RO_LROP,1366.6409858533373
10228,DE_EDDS_UK_EGCC,957.3906978956813
10240,DE_EDDT_DE_EDDN,374.10986733318566
10241,DE_EDDT_DE_EDDR,571.9055472844942
10246,DE_EDDT_ES_GCLP,3617.535833453926
10247,DE_EDDT_ES_GCTS,3671.3653422014977
10305,DE_EDDW_LV_EVRA,1060.5775034756646
10313,DE_EDFH_ES_LEAL,1437.7153772199326
10315,DE_EDFH_ES_LEJR,1815.920249737653
10327,DE_EDFH_IT_LIRP,736.0612981305933
10334,DE_EDFH_MA_GMTT,1906.1673835495885
10336,DE_EDFH_PT_LPFR,1885.4611744962315
10337,DE_EDFH_PT_LPPT,1795.0235556775415
10340,DE_EDFH_UK_EGSS,538.8987790602937
10348,DE_EDJA_ES_LEGE,896.9691725062797
10372,DE_EDLP_EG_HEGN,3437.599816434419
10374,DE_EDLP_ES_GCLP,3306.0972400167657
10379,DE_EDLV_ES_GCFV,3063.7029044366805
10380,DE_EDLV_ES_GCRR,3003.5895119763127
10381,DE_EDLV_ES_GCTS,3230.6304411717138
10388,DE_EDLV_IT_LIME,709.3901871146402
10393,DE_EDLV_PL_EPBY,822.4412436323082
10396,DE_EDLV_RS_LYNI,1493.7826915816422
10432,DE_EDNY_ES_GCLP,3073.3012068641865
10447,DE_EDSB_PL_EPMO,977.297872191657
10454,DE_ETNL_DE_EDDS,619.340725791885
10455,DE_ETNL_EG_HEGN,3453.7604546048083
10520,DE_EDDE_EL_LGIR,2079.277106972721
11231,DE_EDLP_EL_LGKO,2199.26194315678
11308,DE_EDSB_HR_LDZD,761.8356029764653
11322,DE_ETNL_ES_LEPA,1751.9313389750619
12046,DE_EDFH_BG_LBBG,1755.8491495693368
12056,DE_EDFH_ES_LERS,1087.0120845899762
12058,DE_EDFH_IE_EIDW,1010.5927960838825
12065,DE_EDFH_IT_LIEA,1038.5240837173478
12078,DE_EDFH_PL_EPKT,844.5689850598203
12083,DE_EDFH_UK_EGPH,976.3671025471184
12097,DE_EDJA_HR_LDZD,584.7886204851975
12107,DE_EDJA_RO_LROD,884.2535237973264
12121,DE_EDLP_EL_LGRP,2286.362289627325
12140,DE_EDLV_IT_LIBP,1187.0569119425675
12175,DE_EDLW_PL_EPPO,640.6907719797225
12210,DE_EDSB_IT_LICA,1276.729647713346
12220,DE_EDSB_TR_LTBA,1845.1662316739319
13132,DE_ETNL_IT_LIMC,956.2807185263226
13710,DE_EDDP_AE_OMDW,4672.389987514456
13728,DE_EDDP_ES_GCRR,3292.672456414892
13851,DE_EDDW_EE_EETN,1216.7553810986808
13854,DE_EDDW_EL_LGKO,2299.2769748820638
13855,DE_EDDW_EL_LGRP,2383.617285060468
13856,DE_EDDW_ES_GCFV,3303.778860779361
13857,DE_EDDW_ES_GCLP,3425.64602893288
13858,DE_EDDW_ES_GCTS,3471.964732610256
13864,DE_EDDW_IE_EIDW,1004.3749802979972
13868,DE_EDDW_MA_GMFF,2388.879631632953
13872,DE_EDDW_PT_LPPT,2097.030040382149
14610,DE_EDDN_BG_LBSF,1214.4201439466333
14629,DE_EDDN_IT_LICJ,1268.302547880818
14633,DE_EDDN_MT_LMML,1540.3352188226095
14636,DE_EDDN_PT_LPPR,1790.9683452525671
14637,DE_EDDN_RO_LRCL,984.22330828604
14642,DE_EDDN_UA_UKKK,1390.1187342259404
14783,DE_EDDV_UK_EGSS,649.2058823566698
15950,DE_EDDB_FR_LFPO,887.0227172841145
17567,DE_EDDV_BE_EBBR,399.2463624250842
18089,DE_EDDK_AT_LOWS,545.8869562853673
18099,DE_EDDK_DO_MDPC,7416.848047418159
20446,DE_EDDB_DE_EDDM,464.54863849165946
20450,DE_EDDB_ES_GCLP,3617.98795048966
20503,DE_EDDE_ES_GCLP,3382.279955137536
20655,DE_EDDF_UK_EGPD,1067.262343509209
20697,DE_EDDH_DE_EDSB,555.8542351246567
20700,DE_EDDH_EL_LGAV,2046.151251020296
20705,DE_EDDH_ES_LEAL,1887.0251158555545
20728,DE_EDDH_UK_EGGW,725.3159617218543
20733,DE_EDDK_BG_LBSF,1533.3514163855286
20735,DE_EDDK_CU_MUVR,7959.288877708579
20745,DE_EDDK_EL_LGTS,1679.3326448231635
20749,DE_EDDK_ES_LEAL,1524.2456962861374
20804,DE_EDDL_FR_LFLL,631.0766261133382
20805,DE_EDDL_FR_LFMN,849.0958151751563
20807,DE_EDDL_HK_VHHH,9220.87361142002
20812,DE_EDDL_IT_LIML,675.8590341773987
20813,DE_EDDL_IT_LIPE,823.1482959454378
20816,DE_EDDL_IT_LIRQ,895.7566318072973
20855,DE_EDDM_DE_EDDB,464.54863849165946
20885,DE_EDDM_ES_LEZL,1879.1623110286112
20907,DE_EDDM_IT_LIML,375.61027444051575
21011,DE_EDDP_TN_DTNH,1711.2852347512687
21028,DE_EDDS_DE_EDDP,372.8583428304257
21055,DE_EDDS_UK_EGSS,731.7489044659766
21091,DE_EDDT_UK_EGBB,1019.1416394559427
21134,DE_EDFH_ES_LEVC,1312.6940315482116
21135,DE_EDFH_HU_LHBP,925.4558071215982
21143,DE_EDFH_IT_LIPH,603.9068190414099
21155,DE_EDFH_PL_EPGD,909.6932462227753
21158,DE_EDFH_PT_LPPR,1570.1694448438095
21173,DE_EDJA_LT_EYVI,1279.2135109583835
21191,DE_EDLV_DE_EDDM,542.3492679405676
21195,DE_EDLV_ES_GCLP,3184.8057847167743
21205,DE_EDLV_IT_LIPE,873.8652651199887
21209,DE_EDLV_MT_LMML,1870.8923246668128
21211,DE_EDLV_RO_LRTR,1287.0282178294367
21245,DE_EDNY_RS_LYBE,890.1141467808608
21248,DE_EDSB_DE_EDDH,555.8542351246567
21251,DE_EDSB_ES_GCTS,3123.8912938130097
21256,DE_EDSB_HU_LHBP,845.2721263368677
22007,DE_EDJA_EL_LGSA,1797.671798233786
22036,DE_EDLV_EL_LGKR,1706.6491623780078
22051,DE_EDLV_IT_LICA,1615.0873712340078
22052,DE_EDLV_IT_LICB,1755.3087679982764
22322,DE_EDDF_SA_OEDF,4371.468498669549
22361,DE_EDDF_US_KSJC,9177.443582456895
22374,DE_EDDG_TR_LTBA,2027.7863125247354
22762,DE_EDDT_AT_LOWS,530.5629857887413
22767,DE_EDDT_CZ_LKPR,281.8253479696397
22789,DE_EDDT_IT_LIML,843.5474239523614
22798,DE_EDDT_SE_ESGG,571.7166458310127
22851,DE_EDFH_FR_LFMT,751.7495918257222
22852,DE_EDFH_HR_LDPL,753.2572367304248
22853,DE_EDFH_HR_LDZD,892.9092211192078
22897,DE_EDJA_IT_LIEA,832.0417781618106
22932,DE_EDLV_ES_LEXJ,1176.4661594810668
22933,DE_EDLV_FR_LFMU,943.9590153548094
22943,DE_EDLV_IT_LIPY,1039.55601296497
22957,DE_EDLV_SE_ESMX,813.9951945648468
23430,DE_EDDL_US_KLAX,9154.973812286376
23660,DE_EDDT_AE_OMAA,4666.310923291518
23708,DE_EDDT_US_KMIA,8005.282798994632
23709,DE_EDDT_US_KORD,7101.101267256068
30971,DE_EDDB_SK_LZIB,536.9355178412964
30982,DE_EDDC_DE_EDDH,378.6475235142809
31035,DE_EDDF_DO_MDSD,7625.862128616088
31170,DE_EDDH_CH_LSGG,867.7797947818437
31190,DE_EDDH_FR_LFPO,761.520496665235
31208,DE_EDDH_US_KEWR,6154.258828523848
31223,DE_EDDK_ES_LEMD,1421.7938419163995
31247,DE_EDDL_CN_ZBAA,7817.175943599798
31291,DE_EDDL_RS_LYBE,1236.5927165031019
31307,DE_EDDL_US_KRSW,7654.740549070282
31338,DE_EDDM_DO_MDPC,7768.439428776992
31358,DE_EDDM_FR_LFPO,695.4083511998192
31388,DE_EDDM_NL_EHEH,574.7812967075836
31452,DE_EDDN_TR_LTFJ,1714.9902919616559
31468,DE_EDDP_PT_LPMA,3139.8510031906294
31508,DE_EDDS_UK_EGBB,881.4571060306209
31515,DE_EDDT_AT_LOWG,638.3871009116826
31519,DE_EDDT_BG_LBSF,1331.940474732533
31530,DE_EDDT_DE_EDSB,558.5995066176445
31554,DE_EDDT_RO_LROP,1293.118466664155
31561,DE_EDDT_TR_LTFJ,1775.464388589211
31572,DE_EDDV_DK_EKCH,401.5891774226925
31597,DE_EDFH_BG_LBSF,1477.1592960799971
31608,DE_EDFH_IT_LIME,509.156431270324
31683,DE_EDLW_TR_LTAI,2445.1824078971963
31707,DE_EDXW_DE_EDDL,416.7934596049514
31708,DE_EDXW_DE_EDDM,767.5610468530658
31709,DE_EDXW_DE_EDDS,695.0745925773032
32466,DE_EDLW_PL_EPWA,921.9101470992987
32660,DE_EDDF_LK_VCBI,8067.7290729763945
32819,DE_EDDL_BG_LBWN,1818.8563629752653
32892,DE_EDDM_BR_SBGR,9836.840664140364
33328,DE_ETNL_DE_EDDK,487.1951563442692
40676,DE_EDDB_UK_EGGP,1105.4550558545357
40688,DE_EDDC_ES_LEBL,1413.7727238496548
40794,DE_EDDF_MY_WMKK,10001.17320445903
40815,DE_EDDF_RU_UUWW,2014.2387200811295
40921,DE_EDDK_NL_EHAM,230.08097331072568
40927,DE_EDDK_UK_EGKK,515.4251623922212
40970,DE_EDDL_MT_LMML,1821.7110633071536
41267,DE_EDDW_ES_LEMD,1681.3155327135541
41302,DE_EDHL_LV_EVRA,907.3474141826528
41303,DE_EDHL_MK_LWSK,1544.9505962670514
41304,DE_EDHL_PL_EPGD,510.62075565876296
41305,DE_EDHL_UA_UKKK,1398.9438047548742
41323,DE_EDLP_ES_GCTS,3355.997783301358
41374,DE_EDNY_DE_EDDL,448.8031595737666
41375,DE_EDNY_DE_EDDT,606.9214982514276
41380,DE_EDSB_ES_GCLP,3066.7692749216712
41411,DE_EDDB_IT_LIRF,1180.15285324388
41610,DE_EDDG_ES_LEMG,1966.998874103592
42073,DE_EDJA_IE_EINN,1455.9467930310889
42075,DE_EDJA_IT_LICT,1134.3173130851176
42077,DE_EDJA_IT_LIRA,712.4505549680493
42118,DE_EDLV_LV_EVRA,1298.747472896907
42143,DE_EDLW_PT_LPFR,2026.804202116992
42296,DE_EDDF_GH_DGAA,4992.361912767171
42341,DE_EDDF_NO_ENZV,1002.3395565040224
42539,DE_EDDL_US_KORD,6807.342750956858
42914,DE_EDLV_IT_LIEA,1230.499823372341
42935,DE_EDLW_ES_LEBL,1212.356680458262
50133,DE_EDDC_ES_GCTS,3607.656813077803
50136,DE_EDDC_RU_UUWW,1631.7622956371542
50138,DE_EDDC_UK_EGLC,955.4257211110402
50301,DE_EDDF_VE_SVMI,8081.181830230022
50388,DE_EDDL_DE_EDXW,416.7934596049514
50429,DE_EDDL_UK_EGSS,457.365567997362
50587,DE_EDDP_FR_LFPG,740.8143386914627
50588,DE_EDDP_NL_EHAM,523.8013736985527
50590,DE_EDDP_TN_DTTJ,1953.0227870179583
50625,DE_EDDS_RS_LYBE,948.9048779626147
50669,DE_EDDT_RU_ULLI,1320.7101497221952
50699,DE_EDDV_UK_EGBB,776.3624238954028
50710,DE_EDDW_FI_EFTP,1286.1262820239967
50718,DE_EDDW_UK_EGCC,739.2432214411152
50720,DE_EDFH_BG_LBPD,1613.326047199489
50723,DE_EDFH_ES_GCRR,2922.2763742604266
50745,DE_EDFH_LT_EYKA,1268.0382003976486
50754,DE_EDFH_RO_LRTM,1328.6080141463153
50773,DE_EDLP_ES_GCRR,3120.9180505362206
50786,DE_EDLV_FI_EFLP,1705.9478166939537
50791,DE_EDLV_IT_LIPH,797.7841781905768
50825,DE_EDNY_DE_EDDK,394.849883464652
51608,DE_EDRZ_ES_LEPA,1135.0692541114088
51609,DE_EDRZ_TR_LTAI,2330.292915386809
51694,DE_EDDF_CA_CYOW,6002.0733860134505
52290,DE_EDFH_FI_EFTP,1629.3758385269398
54725,DE_EDHL_ES_LEPA,1695.4907472825525
54726,DE_EDHL_IT_LIME,907.3447578562213
59648,DE_EDDF_NO_ENBR,1161.6364816919051
59668,DE_EDDF_SD_HSSS,4389.595018439089
59712,DE_EDDG_ES_GCTS,3347.9368076782557
59752,DE_EDDK_CZ_LKPR,512.0519081192575
59901,DE_EDDM_JP_RJAA,9390.051419173342
59904,DE_EDDM_MD_LUKK,1295.2559516288165
59965,DE_EDDN_UK_EGLC,812.3587178059055
59974,DE_EDDP_EG_HESH,3195.934001659201
59979,DE_EDDP_KG_UAFM,4656.1832814783775
59983,DE_EDDP_US_KBGR,5766.552344898114
60097,DE_EDDW_IT_LIPH,859.0874762940554
60120,DE_EDFH_KG_UAFM,5039.251209136905
60126,DE_EDFH_SE_ESKN,1164.258550764437
60130,DE_EDHL_PT_LPPR,2008.2873738452206
60131,DE_EDHL_SE_ESKN,673.8507663204915
60135,DE_EDJA_ES_LEVC,1277.3159646519998
60162,DE_EDLV_ES_LEZL,1838.5491375326815
60170,DE_EDLV_LT_EYVI,1320.7815907295105
60177,DE_EDLV_PL_EPWA,1020.9105217723078
60189,DE_EDLW_HR_LDSP,1100.5557288589944
60213,DE_EDRZ_ES_GCFV,2931.346975642392
60214,DE_EDRZ_ES_GCLP,3060.9181798442987
60215,DE_EDRZ_ES_GCTS,3115.657821324868
60717,DE_EDDP_ES_LEMG,2107.186404218795
60719,DE_EDDP_IT_LIRA,1070.2372064397316
60873,DE_EDHL_ES_LEGE,1449.278495750833
60875,DE_EDHL_IT_LICT,1771.7811954682254
60877,DE_EDHL_IT_LIRP,1125.8087032612236
60914,DE_EDLV_ES_LEMD,1444.5646726239036
60917,DE_EDLV_ES_LERS,1222.8367244362514
60993,DE_EDSB_PT_LPFR,1843.632352040309
61033,DE_EDDC_BG_LBBG,1411.9963483606375
68675,DE_EDDB_DE_EDDS,511.1340498432917
68709,DE_EDDC_DE_EDDN,264.023350323824
68884,DE_EDDG_DE_EDDT,384.62942812020106
68925,DE_EDDK_AT_LOWK,706.859536381006
68945,DE_EDDK_TR_LTAC,2328.6781860082942
69149,DE_EDDN_UK_EGKK,822.2735611840454
69155,DE_EDDP_DE_EDDN,229.39815279502773
69164,DE_EDDP_KW_OKBK,3847.3166265245545
69176,DE_EDDS_DE_EDDB,511.1340498432917
69206,DE_EDDS_US_KEWR,6334.446409717372
69262,DE_EDDV_RU_UUWW,1827.722902528419
69325,DE_EDJA_ES_LEBL,984.8530893999408
69329,DE_EDJA_HU_LHBP,679.4667428878905
69347,DE_EDLV_ES_LEBB,1146.1338010578813
69352,DE_EDLV_HU_LHBP,1055.2258498676542
69369,DE_EDLV_UK_EGNM,583.7372411653809
69379,DE_EDLW_PL_EPLL,815.6899173150458
69388,DE_EDLW_TR_LTBJ,2118.745044580145
69389,DE_EDLW_TR_LTFJ,2035.9735575845832
69412,DE_EDSB_LT_EYVI,1350.9706295432002
69613,DE_EDDF_UK_EGKK,632.2508921279685
69927,DE_EDDP_US_KATL,7591.492850022856
70047,DE_EDDW_NO_ENTO,689.6201083729404
70058,DE_EDFH_ES_LEMD,1350.8664159695095
70086,DE_EDHL_ES_LEBL,1532.5941131803977
70088,DE_EDHL_HU_LHBP,930.5956096676892
70094,DE_EDJA_CY_LCPH,2359.4899371896013
70109,DE_EDJA_UK_EGCC,1064.8159819883358
70119,DE_EDLV_CY_LCLK,2874.2506968685198
70127,DE_EDLV_ES_LEAM,1772.4748226890122
70205,DE_EDSB_LV_EVRA,1396.669884960999
70853,DE_EDDW_UK_EGPH,850.0193159027386
70894,DE_EDJA_BE_EBCI,502.86786738351316
70930,DE_EDLV_ES_LEBL,1186.8363761281134
78222,DE_EDDC_UK_EGLL,991.5089065446398
78223,DE_EDDE_DE_EDDN,164.97045518799516
78235,DE_EDDF_BH_OBBI,4443.892919825022
78390,DE_EDDG_AT_LOWW,776.3581872412348
78393,DE_EDDG_DE_EDDN,378.2900274410416
78400,DE_EDDG_UK_EGSS,512.0552207804046
78460,DE_EDDK_UK_EGPH,897.8954798401013
78510,DE_EDDL_TH_VTBS,9106.896724702312
78529,DE_EDDM_AL_LATI,992.6693869052673
78649,DE_EDDN_DE_EDDV,343.7559000795964
78653,DE_EDDN_ES_GCRR,3094.2562764091817
78679,DE_EDDP_US_KDFW,8405.575917174194
78681,DE_EDDR_DE_EDDM,356.6856664532203
78718,DE_EDDT_AE_OMDB,4638.097088940252
78732,DE_EDDT_ES_GCFV,3488.284138162013
78753,DE_EDDT_TH_VTBS,8641.666653525668
78806,DE_EDFH_IT_LIPZ,623.9980443423741
78822,DE_EDJA_DE_EDDW,572.0468950646773
78835,DE_EDLP_DE_EDDN,292.89155406481615
78863,DE_EDLV_IT_LIPZ,817.7776103510957
78881,DE_EDLW_HR_LDZA,893.8828690580574
78888,DE_EDLW_RO_LRBS,1578.3428205195587
78897,DE_EDNY_AT_LOWW,529.8951581972372
78907,DE_EDSB_AT_LOWW,632.0992047149675
78911,DE_EDSB_ES_GCRR,2875.5589747534027
78919,DE_EDXW_DE_EDDF,543.2370947850596
79573,DE_EDHL_UK_EGSS,737.217420021417
79608,DE_EDLV_FR_LFML,910.208436796614
79909,DE_EDDG_ES_LEIB,1552.7952407015525
80353,DE_EDJA_NO_ENRY,1268.1883844741935
80371,DE_EDLP_UK_EGCC,763.9555296000023
80372,DE_EDLP_UK_EGSS,579.2821361287298
80399,DE_EDLV_IT_LIPQ,837.8176432151863
80444,DE_EDRZ_EL_LGIR,2116.656632389039
80467,DE_EDXW_DE_EDDT,418.3922703856391
87487,DE_EDDB_DE_EDFH,514.3357059515455
87488,DE_EDDB_DE_EDLV,514.0585700248515
87489,DE_EDDB_DE_EDRZ,557.0899783439073
87506,DE_EDDB_SE_ESKN,744.5830400083908
87508,DE_EDDB_TR_LTBJ,1888.713282945717
87516,DE_EDDC_AT_LOWW,392.37919588367373
87524,DE_EDDC_DE_EDDP,111.61402935993604
87536,DE_EDDF_AF_OAKB,5130.685750783536
87546,DE_EDDF_CA_CYTZ,6351.114229497613
87553,DE_EDDF_CU_MUVR,8080.906689070185
87597,DE_EDDF_IN_VOBG,7423.916841247878
87598,DE_EDDF_IN_VOHY,7108.20925504857
87606,DE_EDDF_IT_LIPN,536.9999683184855
87613,DE_EDDF_KR_RKSS,8574.443335928783
87646,DE_EDDF_SA_OERY,4317.802613483485
87651,DE_EDDF_TH_VTBD,8979.668684915068
87652,DE_EDDF_TN_DTMB,1595.6685676239695
87669,DE_EDDF_US_KDAL,8270.387776114514
87690,DE_EDDG_DE_EDDS,398.42625815042123
87740,DE_EDDK_DE_EDNY,394.849883464652
87759,DE_EDDL_AT_LOWL,633.1156051772416
87791,DE_EDDL_FR_LFPO,424.58653105360537
87804,DE_EDDL_TH_VTBD,9077.47766498016
87805,DE_EDDL_TN_DTMB,1754.768899839714
87828,DE_EDDM_CA_CYTZ,6648.6255165769435
87878,DE_EDDM_IT_LIPN,326.96395261415523
87886,DE_EDDM_KR_RKSS,8532.023322093923
87907,DE_EDDM_TH_VTBD,8779.859952767143
87939,DE_EDDN_EG_HESH,3106.8513678385266
87946,DE_EDDN_IT_LIMC,464.93813119584337
87948,DE_EDDN_TN_DTMB,1526.6146726755444
87953,DE_EDDP_DE_EDDC,111.61402935993604
87967,DE_EDDP_TN_DTMB,1744.5544701051695
87971,DE_EDDP_US_KDAL,8399.33822296826
88040,DE_EDDT_TH_VTBD,8612.201479697207
88061,DE_EDDW_DE_EDDB,328.48897311698187
88065,DE_EDDW_DE_EDJA,572.0468950646773
88078,DE_EDDW_UK_EGGP,777.5802414402859
88081,DE_EDFH_DE_EDDB,514.3357059515455
88082,DE_EDFH_ES_GCLP,3109.4774379940363
88098,DE_EDFH_IT_LIPE,674.3293029909663
88106,DE_EDFH_NO_ENTO,1046.1369357767849
88111,DE_EDFH_SE_ESGP,921.7373113357477
88119,DE_EDHL_UA_UKBB,1430.3715358769332
88121,DE_EDJA_DE_EDDH,627.8456135761223
88129,DE_EDJA_TR_LTAI,2081.7372675749384
88130,DE_EDJA_UA_UKBB,1523.7963038064142
88142,DE_EDLV_DE_EDDB,514.0585700248515
88156,DE_EDLV_PL_EPKK,974.3229691695714
88159,DE_EDLV_SE_ESGP,779.4535512077008
88161,DE_EDLV_UK_EGBB,549.4774958935898
88181,DE_EDLW_UA_UKBB,1635.009472550784
88191,DE_EDRZ_DE_EDDB,557.0899783439073
88201,DE_EDSB_SE_ESKN,1254.5124122242019
88754,DE_EDDT_DE_EDJA,552.8012533235234
88856,DE_EDJA_DE_EDDT,552.8012533235234
88896,DE_EDLV_TR_LTAI,2537.004215823873
89060,DE_EDDF_IN_VAAH,6237.437519173574
89606,DE_EDJA_ES_LERS,1046.1294623755625
89608,DE_EDJA_IT_LIRP,478.6293377884152
89619,DE_EDLP_ES_LEAL,1645.98670489595
89620,DE_EDLP_ES_LEIB,1524.0888384354453
94200,DE_EDNY_UK_EGSS,815.1350599484997
96449,DE_EDDB_UK_EGNX,1005.5448193213543
96487,DE_EDDF_CN_ZGGG,9035.925447159048
96627,DE_EDDG_FR_LFPG,502.6691105243305
96640,DE_EDDH_DE_EDDR,530.4131882012343
96642,DE_EDDH_DE_EDJA,627.8456135761223
96703,DE_EDDL_EG_HESH,3469.9159441277625
96834,DE_EDDM_UA_UKKK,1370.6775192955809
96868,DE_EDDN_PT_LPMA,2963.07150330218
96886,DE_EDDP_IS_BIKF,2455.849533435437
96967,DE_EDDV_DE_EDDN,343.7559000795964
96974,DE_EDDV_ES_LEMG,2076.5461604476304
96979,DE_EDDV_TN_DTMB,1857.8696975696848
96982,DE_EDDV_TR_LTFJ,1964.9695479727245
96988,DE_EDDW_DE_EDDN,425.91163802298814
97010,DE_EDFH_DE_EDHL,490.5359869758478
97040,DE_EDFH_SK_LZIB,752.8825704399968
97043,DE_EDHL_DE_EDFH,490.5359869758478
97045,DE_EDHL_IE_EIDW,1122.507367542695
97052,DE_EDJA_DE_EDDK,390.892700175683
97087,DE_EDLV_NO_ENTO,883.3088526174663
97089,DE_EDLV_PL_EPWR,749.8287849430919
97099,DE_EDLW_DE_EDDN,332.97183567075217
97114,DE_EDLW_TR_LTBA,1999.5307332715345
97133,DE_EDSB_IE_EIDW,1127.3009700656914
97792,DE_EDJA_IT_LIRF,705.5609309550425
97804,DE_EDLP_TN_DTMB,1769.919589748526
97817,DE_EDLV_IE_EIDW,865.437120145007
97881,DE_EDXW_DE_EDDK,457.53960872528535
98100,DE_EDDG_IT_LIRF,1199.3844367105553
98577,DE_EDLV_IE_EINN,1036.553178501801
98578,DE_EDLV_IT_LICT,1600.7349655066755
99294,DE_EDFH_UK_EGCC,760.2670642788001
99365,DE_EDLV_UK_EGCC,603.7499214871783
99401,DE_EDRZ_UK_EGSS,588.2834603561818
105486,DE_EDDE_DE_EDDM,298.11866889197915
105500,DE_EDDF_BY_UMMM,1367.2537210463056
105541,DE_EDDF_FR_LFBD,907.4990594289336
105618,DE_EDDF_US_KCVG,7019.000651024407
105630,DE_EDDF_US_KPDX,8411.543460222252
105700,DE_EDDK_PL_EPKT,844.0975961253026
105701,DE_EDDK_PL_EPWA,968.9438211957463
105744,DE_EDDL_LT_EYVI,1294.5047215731347
105786,DE_EDDM_DE_EDDR,356.6856664532203
105795,DE_EDDM_EG_HESH,2983.754441126233
105831,DE_EDDM_LT_EYVI,1166.0508231605052
105852,DE_EDDM_TN_DTMB,1401.632494273598
105876,DE_EDDN_DE_EDDC,264.023350323824
105905,DE_EDDP_DO_MDPC,7769.491773534812
106015,DE_EDDW_HU_LHBP,972.3920427638188
106036,DE_EDFH_ES_LEXJ,1113.5147639558552
106061,DE_EDFH_UK_EGPK,1009.598633184817
106073,DE_EDJA_IT_LIRN,852.3138130527374
106104,DE_EDLV_UK_EGPK,832.1048320923388
106123,DE_EDLW_TR_LTAC,2325.2730207521467
106132,DE_EDNY_IE_EIDW,1284.5050971372439
106142,DE_EDSB_ES_GCFV,2934.9867330831958
106205,DE_EDDC_TN_DTMB,1725.0909026555728
106370,DE_EDDG_IT_LIPZ,812.5702030348466
106715,DE_EDDT_UK_EGSS,893.9057761886438
106843,DE_EDLW_ES_LEAL,1603.8428291720913
106881,DE_EDSB_ES_LEVC,1237.209180579365
106943,DE_EDDC_UK_EGKK,975.3557171639684
107107,DE_EDDG_ES_LEAL,1667.5541936654308
107148,DE_EDDI_BE_EBBR,640.6591267461209
107149,DE_EDDI_DE_EDFM,478.6883188119469
107150,DE_EDDI_DE_EDNY,602.2007487201338
107369,DE_EDDN_IT_LIRF,860.3784465156991
107502,DE_EDDW_IT_LICT,1706.3599269297406
107503,DE_EDDW_IT_LIEA,1380.6981320588834
107507,DE_EDDW_MT_LMML,1961.5885663908075
107536,DE_EDFH_IT_LIPK,736.1395086441291
107576,DE_EDLP_ES_LEMG,1957.1338959614486
107605,DE_EDLW_CZ_LKPR,494.17541564337586
107616,DE_EDLW_IT_LIRA,1145.037286761716
107630,DE_EDLW_UK_EGPH,875.2277997742286
107634,DE_EDNY_DE_EDDI,602.2007487201338
108443,DE_ETNL_DE_EDDN,498.6511217290863
110611,DE_EDDW_FR_LFOB,613.4824291699077
114584,DE_EDDB_DE_EDDL,481.02197852568185
114823,DE_EDDH_US_KJFK,6134.616909831869
114825,DE_EDDI_DE_EDDR,572.2983280221358
114828,DE_EDDI_DK_EKCH,353.4515086010158
114845,DE_EDDK_FR_LFPG,388.7135851359906
114847,DE_EDDK_IT_LICJ,1486.0762655116846
114852,DE_EDDK_IT_LIRN,1238.923872962887
114860,DE_EDDK_UK_EGNX,622.8639425203501
114862,DE_EDDK_US_KEWR,6097.516002076872
114867,DE_EDDL_DE_EDDB,481.02197852568185
114896,DE_EDDL_IT_LIME,660.9907537080908
115025,DE_EDDN_DE_EDDK,319.5207535587269
115065,DE_EDDR_DE_EDDI,572.2983280221358
115090,DE_EDDS_ES_LEMD,1362.2910840865331
115097,DE_EDDS_TN_DTMB,1441.9209973337088
115122,DE_EDDT_IT_LIME,808.9690158552459
115168,DE_EDDW_UK_EGGW,635.3323307073297
115241,DE_EDLW_ES_GCFV,3124.863973215907
115400,DE_EDDF_IR_OIII,3774.21734764837
115869,DE_EDDW_IT_LIPX,864.5476970194787
115903,DE_EDFH_PL_EPWR,693.7380527029445
116022,DE_EDDC_BG_LBWN,1376.849496215752
116581,DE_EDDW_ES_LELC,1852.3825072795005
116596,DE_EDFH_ES_LEGR,1670.9281936458856
116598,DE_EDFH_ES_LELC,1498.2588005936118
116632,DE_EDHL_FR_LFML,1220.990549859034
116656,DE_EDLP_UK_EGHH,736.2881140252592
116678,DE_EDLW_FR_LFMN,874.3851903151838
120281,DE_EDLW_IT_LIMC,659.8559459303417
123097,DE_EDDB_EL_LGAT,1794.8336090071048
123107,DE_EDDB_NL_EHBK,560.6015804618401
123156,DE_EDDF_DE_EDDK,137.33133470747623
123171,DE_EDDF_EL_LGAT,1809.343867008473
123182,DE_EDDF_FI_EFHF,1540.0800138538855
123282,DE_EDDG_NL_EHAM,200.53518453044026
123289,DE_EDDH_DE_EDDC,378.6475235142809
123302,DE_EDDH_FI_EFHF,1171.6706571145269
123315,DE_EDDI_DE_EDDK,468.4195789198874
123318,DE_EDDI_DE_EDLW,411.6093858904502
123328,DE_EDDK_DE_EDDF,137.33133470747623
123330,DE_EDDK_DE_EDDI,468.4195789198874
123379,DE_EDDL_FI_EFHF,1511.3498102036956
123427,DE_EDDM_EL_LGAT,1511.1083106328012
123436,DE_EDDM_FI_EFHF,1574.4774759133775
123437,DE_EDDM_FR_LFBD,1033.573666530676
123539,DE_EDDR_ES_GCLP,3045.638430953183
123540,DE_EDDR_ES_GCTS,3099.871303056601
123587,DE_EDDT_FI_EFHF,1119.5156358573772
123646,DE_EDFH_PL_EPWA,990.2339035851562
123678,DE_EDLW_DE_EDDI,411.6093858904502
123682,DE_EDLW_ES_GCLP,3248.733194261204
124322,DE_EDLW_FR_LFPG,455.83686740413987
124804,DE_EDDP_EL_LGRD,2092.451960260776
126884,DE_EDHL_UK_EGPK,1003.6890619863224
130752,DE_EDDB_UK_EGNT,1044.857159484684
130769,DE_EDDE_ES_GCTS,3437.385317851221
130809,DE_EDDF_DO_MDPP,7582.290706426454
130953,DE_EDDI_DE_EDDM,472.38269530983865
130975,DE_EDDK_IT_LIEO,1122.9165782601783
130984,DE_EDDK_UK_EGGP,736.9429956395007
131128,DE_EDDN_DE_EDDG,378.2900274410416
131133,DE_EDDN_DE_EDDP,229.39815279502773
131137,DE_EDDN_EG_HELX,3237.2482515299935
131153,DE_EDDP_DE_EDDH,289.04705191900274
131170,DE_EDDR_ES_GCFV,2916.5591786480104
131194,DE_EDDS_ES_LEMG,1739.7715862581845
131245,DE_EDDV_UK_EGKK,696.0635126984735
131258,DE_EDDW_UK_EGLC,619.7181913897277
131280,DE_EDHL_IE_EINN,1312.5920020850024
131308,DE_EDLW_ES_GCTS,3297.287587473869
131323,DE_EDTK_DE_EDDT,480.78077326482787
131324,DE_EDTK_ES_GCLP,3145.7879970944236
131325,DE_EDTK_ES_LEGE,945.7343934523648
131326,DE_EDTK_IT_LIRA,876.5275017952918
131327,DE_EDTK_UK_EGSS,679.4613133681594
131522,DE_EDDG_PT_LPFR,2080.481827913578
131898,DE_EDLP_PT_LPFR,2083.1087405707017
131933,DE_EDTK_TR_LTAI,2236.5766806418155
131974,DE_EDDE_BG_LBBG,1566.7205499298486
131975,DE_EDDE_BG_LBWN,1537.3650133766737
132203,DE_EDDL_BG_LBBG,1844.0334409826612
132383,DE_EDDP_EL_LGTS,1466.7080340806867
132388,DE_EDDP_PT_LPFR,2259.12115649403
132486,DE_EDFH_AT_LOWK,640.3720625902505
132527,DE_EDLP_UK_EGHI,699.1882181861913
132557,DE_EDTK_EL_LGIR,2038.1380258584911
138233,DE_EDDB_NL_EHRD,622.9806562125265
138236,DE_EDDB_TN_DTMB,1859.8304663776892
138262,DE_EDDE_UK_EGSS,751.7842512096378
138295,DE_EDDF_DE_EDLP,175.8819536679833
138344,DE_EDDF_KE_HKMO,6690.289844332987
138444,DE_EDDI_CH_LSZB,750.3734270445086
138449,DE_EDDI_EL_LGTS,1515.1817802227856
138747,DE_EDFH_UK_EGPF,1024.1704965211059
138749,DE_EDFM_DE_EDDC,417.17663816808516
138750,DE_EDFM_DE_EDDH,473.6781239566595
138751,DE_EDFM_DE_EDDI,478.6883188119469
138792,DE_EDTK_ES_LEPA,1182.7120254749834
139376,DE_EDDB_BG_LBBG,1512.1972234112975
139377,DE_EDDB_BG_LBWN,1472.2914851326325
139391,DE_EDDB_IT_LIML,831.2736535039479
139570,DE_EDDF_US_KPIT,6631.560771733564
139574,DE_EDDG_BG_LBWN,1797.812679045452
139714,DE_EDDM_DE_EDLV,542.3492679405676
139822,DE_EDDP_HR_LDDU,1085.9329647343386
145290,DE_EDDB_DE_EDDF,433.33821945118194
145291,DE_EDDB_DE_EDDH,275.0032102772585
145294,DE_EDDB_DE_EDDN,363.6312040362861
145296,DE_EDDB_DO_MDPC,7848.0807770503825
145298,DE_EDDB_ES_GCFV,3488.020907479725
145324,DE_EDDE_TN_DTMB,1691.2151726253164
145460,DE_EDDF_US_KPHX,9072.495811235878
145465,DE_EDDG_DE_EDDI,391.8186723980152
145471,DE_EDDG_ES_GCRR,3118.455960832656
145476,DE_EDDG_IT_LIRA,1207.4829055231187
145491,DE_EDDH_ES_GCRR,3345.915851121567
145503,DE_EDDI_DE_EDDG,391.8186723980152
145505,DE_EDDI_DE_EDDW,318.1309043159578
145508,DE_EDDI_LU_ELLX,595.7279166676617
145509,DE_EDDI_UK_EGLC,921.9336819373108
145662,DE_EDDN_ES_LEAL,1554.1559451018973
145663,DE_EDDN_ES_LEMG,1899.8331469138761
145678,DE_EDDP_DE_EDDV,209.9784557147301
145709,DE_EDDS_ES_GCRR,2932.362309566417
145734,DE_EDDT_IT_LIRA,1197.4037272359951
145761,DE_EDDW_ES_GCRR,3243.6927144284637
145771,DE_EDFH_IE_EINN,1166.4698155314902
145782,DE_EDHK_DE_EDDF,495.39952686559644
145783,DE_EDHK_DE_EDDK,440.5996376427034
145784,DE_EDHK_DE_EDDM,680.0017959752507
145786,DE_EDLP_DE_EDDG,86.42451456845
145789,DE_EDLP_DE_EDDS,328.1288133585092
145790,DE_EDLW_DE_EDDF,178.4840081970644
145794,DE_EDLW_DE_EDDS,334.9985262688137
145804,DE_EDDB_EL_LGIR,2106.444515181649
146207,DE_EDDR_TN_DTMB,1524.055958103121
146283,DE_EDDW_UK_EGKK,649.9365824618676
146825,DE_EDFH_UK_EGHH,654.0761602577306
151538,DE_EDDB_CU_MUVR,8336.604602057274
151541,DE_EDDB_DE_EDDP,138.38993369422457
151568,DE_EDDE_DE_EDDC,197.67548002381022
151708,DE_EDDG_DE_EDLP,86.42451456845
151742,DE_EDDI_CH_LSGG,871.8271000459248
151743,DE_EDDI_DE_EDDN,368.94727125313887
151747,DE_EDDI_DE_EDMA,483.21154014258485
151748,DE_EDDI_DE_EDTK,478.99522692559367
151806,DE_EDDL_US_KIAD,6394.219566565962
151909,DE_EDDP_DE_EDDB,138.38993369422457
151983,DE_EDDV_DE_EDDH,131.70638032015017
151991,DE_EDDV_ES_GCRR,3239.389066440392
151993,DE_EDDV_ES_LEAL,1764.29916487298
151999,DE_EDDV_PT_LPFR,2201.460186164364
152006,DE_EDDW_AT_LOWW,777.3313378662629
152033,DE_EDMA_DE_EDDF,248.08358309471447
152034,DE_EDMA_DE_EDDI,483.21154014258485
152035,DE_EDMA_DE_EDDK,385.3455489112328
152036,DE_EDMA_DE_EDDL,437.1075389203047
152284,DE_EDDL_EL_LGRD,2368.559450111487
152310,DE_EDDL_TR_LTBS,2379.2913702684305
152970,DE_EDDP_HR_LDSP,928.189273706213
153031,DE_EDDV_BG_LBBG,1727.593701749174
153032,DE_EDDV_BG_LBWN,1693.8900853634173
